timestamp,energy_kwh,predicted_kwh,residual
2024-10-19 19:00:00,739.82,737.544,2.2759936523438
2024-10-19 20:00:00,720.43,742.2861,-21.8560717773438
2024-10-19 21:00:00,809.2,813.65344,-4.4534423828124545
2024-10-19 22:00:00,827.06,826.73346,0.32654052734369543
2024-10-19 23:00:00,860.02,848.4725,11.547526855468732
2024-10-20 00:00:00,866.91,876.6666,-9.756625976562532
2024-10-20 01:00:00,862.9,861.7003,1.1996826171874773
2024-10-20 02:00:00,897.66,888.24695,9.413051757812468
2024-10-20 03:00:00,841.94,846.24725,-4.307253417968695
2024-10-20 04:00:00,750.65,748.50415,2.1458496093749773
2024-10-20 05:00:00,745.83,737.4128,8.417219238281291
2024-10-20 06:00:00,693.11,699.9734,-6.863388671874986
2024-10-20 07:00:00,779.16,756.51965,22.640346679687468
2024-10-20 08:00:00,791.19,784.29376,6.896237792968805
2024-10-20 09:00:00,826.56,812.85547,13.704531249999945
2024-10-20 10:00:00,871.9,877.5252,-5.625207519531273
2024-10-20 11:00:00,824.0,831.0773,-7.0772705078125
2024-10-20 12:00:00,883.74,894.7598,-11.019826660156241
2024-10-20 13:00:00,879.62,877.63586,1.9841357421875045
2024-10-20 14:00:00,853.29,843.02795,10.262045898437464
2024-10-20 15:00:00,797.69,807.4624,-9.772402343749945
2024-10-20 16:00:00,763.69,763.0798,0.6102270507813046
2024-10-20 17:00:00,730.26,734.2376,-3.977609863281259
2024-10-20 18:00:00,762.93,763.5065,-0.57646972656255
2024-10-20 19:00:00,779.91,796.0827,-16.172702636718782
2024-10-20 20:00:00,788.84,801.8003,-12.960292968749968
2024-10-20 21:00:00,828.73,823.5858,5.144184570312518
2024-10-20 22:00:00,849.5,857.76935,-8.26934814453125
2024-10-20 23:00:00,851.01,845.6691,5.340871582031241
2024-10-21 00:00:00,851.01,1059.6621,-208.652109375
2024-10-21 01:00:00,1029.7,1034.3502,-4.6502197265624545
2024-10-21 02:00:00,1056.13,1069.2349,-13.10486328124989
2024-10-21 03:00:00,993.03,994.58606,-1.5560595703125273
2024-10-21 04:00:00,962.91,959.4984,3.411586914062468
2024-10-21 05:00:00,914.96,914.8495,0.11051269531253638
2024-10-21 06:00:00,864.76,883.9985,-19.23847412109376
2024-10-21 07:00:00,868.28,878.344,-10.063994140625027
2024-10-21 08:00:00,950.35,946.22375,4.126245117187523
2024-10-21 09:00:00,932.03,936.63513,-4.605131835937527
2024-10-21 10:00:00,978.11,993.95624,-15.846237792968736
2024-10-21 11:00:00,1025.92,1037.9062,-11.986249999999927
2024-10-21 12:00:00,1108.42,1100.3976,8.022416992187573
2024-10-21 13:00:00,992.46,997.77014,-5.310141601562464
2024-10-21 14:00:00,1041.42,1041.7325,-0.31254394531242724
2024-10-21 15:00:00,944.32,962.853,-18.53302734374995
2024-10-21 16:00:00,902.66,884.2313,18.428676757812468
2024-10-21 17:00:00,881.9,912.04803,-30.148034667968773
2024-10-21 18:00:00,885.9,892.89734,-6.997338867187523
2024-10-21 19:00:00,928.18,935.7756,-7.5955737304688
2024-10-21 20:00:00,948.06,947.4657,0.5943017578124454
2024-10-21 21:00:00,1040.3,1035.7369,4.5630615234374545
2024-10-21 22:00:00,1047.19,1037.7421,9.447934570312555
2024-10-21 23:00:00,1047.4,1033.766,13.634008789062591
2024-10-22 00:00:00,1081.57,1069.4607,12.109306640624936
2024-10-22 01:00:00,1051.75,1070.0726,-18.3226318359375
2024-10-22 02:00:00,991.93,994.837,-2.9069750976563
2024-10-22 03:00:00,983.96,977.5504,6.409584960937536
2024-10-22 04:00:00,919.21,926.36273,-7.152731933593714
2024-10-22 05:00:00,862.2,849.4036,12.796374511718795
2024-10-22 06:00:00,864.71,886.66565,-21.955649414062464
2024-10-22 07:00:00,849.68,869.7937,-20.11370117187505
2024-10-22 08:00:00,930.81,936.9856,-6.175595703125055
2024-10-22 09:00:00,1003.71,1010.07385,-6.363852539062464
2024-10-22 10:00:00,1015.57,1020.54865,-4.9786450195312
2024-10-22 11:00:00,1092.68,1066.1451,26.534858398437564
2024-10-22 12:00:00,1016.93,1015.01605,1.9139477539062
2024-10-22 13:00:00,1084.16,1069.1719,14.988125000000082
2024-10-22 14:00:00,1019.83,1022.41693,-2.586931152343709
2024-10-22 15:00:00,914.9,931.90405,-17.004052734375023
2024-10-22 16:00:00,1001.12,987.5936,13.526372070312505
2024-10-22 17:00:00,912.25,905.08234,7.16766357421875
2024-10-22 18:00:00,886.02,881.36804,4.651958007812482
2024-10-22 19:00:00,868.29,859.2033,9.086691894531214
2024-10-22 20:00:00,937.28,938.5205,-1.2405078125000273
2024-10-22 21:00:00,987.18,980.677,6.50299804687495
2024-10-22 22:00:00,1013.95,1011.75275,2.1972534179687955
2024-10-22 23:00:00,1015.87,1020.218,-4.3480175781249955
2024-10-23 00:00:00,1066.38,1075.8151,-9.43506347656239
2024-10-23 01:00:00,1039.79,1033.5074,6.282553710937464
2024-10-23 02:00:00,961.92,973.1003,-11.180280761718791
2024-10-23 03:00:00,986.29,967.9961,18.293906249999964
2024-10-23 04:00:00,870.49,867.63104,2.858957519531259
2024-10-23 05:00:00,902.3,907.2535,-4.9534790039062955
2024-10-23 06:00:00,847.68,846.4521,1.2279125976562
2024-10-23 07:00:00,895.56,903.6911,-8.131101074218805
2024-10-23 08:00:00,931.27,949.2486,-17.978596191406268
2024-10-23 09:00:00,940.44,951.91187,-11.471865234374945
2024-10-23 10:00:00,1045.21,1047.8907,-2.6807470703124636
2024-10-23 11:00:00,1006.05,1025.7817,-19.731738281250045
2024-10-23 12:00:00,1120.6933,1101.9386,18.75470136718741
2024-10-23 13:00:00,1028.9,1040.5289,-11.628930664062409
2024-10-23 14:00:00,969.84,991.42236,-21.582363281249968
2024-10-23 15:00:00,1011.16,996.166,14.993984374999968
2024-10-23 16:00:00,900.43,907.3676,-6.9376147460938
2024-10-23 17:00:00,869.72,866.07544,3.6445605468750273
2024-10-23 18:00:00,844.22,861.43866,-17.218659667968723
2024-10-23 19:00:00,900.29,902.7589,-2.4689111328125364
2024-10-23 20:00:00,953.5,947.8209,5.6790771484375
2024-10-23 21:00:00,925.69,927.1956,-1.5056176757811954
2024-10-23 22:00:00,1039.36,1024.9076,14.4524072265624
2024-10-23 23:00:00,1066.23,1064.6677,1.5622753906250182
2024-10-24 00:00:00,1065.34,1070.1113,-4.771328125000082
2024-10-24 01:00:00,1059.09,1083.339,-24.248989257812582
2024-10-24 02:00:00,1059.09,1021.6382,37.45181640624992
2024-10-24 03:00:00,973.34,968.18774,5.152255859375032
2024-10-24 04:00:00,945.49,945.40485,0.0851538085937591
2024-10-24 05:00:00,862.06,879.0879,-17.027890625000055
2024-10-24 06:00:00,855.96,868.162,-12.201987304687464
2024-10-24 07:00:00,894.8,894.02954,0.7704589843749545
2024-10-24 08:00:00,949.93,924.4517,25.4782788085937
2024-10-24 09:00:00,947.8,941.6634,6.1366088867187045
2024-10-24 10:00:00,1002.81,995.7912,7.018801269531195
2024-10-24 11:00:00,1087.32,1066.4282,20.891777343749936
2024-10-24 12:00:00,1007.68,986.60126,21.0787426757812
2024-10-24 13:00:00,1044.2,1060.9248,-16.724804687499955
2024-10-24 14:00:00,1011.3,1028.3396,-17.039599609375045
2024-10-24 15:00:00,958.97,936.4461,22.523894042968777
2024-10-24 16:00:00,922.03,919.3373,2.6927197265624727
2024-10-24 17:00:00,875.22,894.65027,-19.430268554687473
2024-10-24 18:00:00,915.4,908.09595,7.304052734374977
2024-10-24 19:00:00,830.26,824.7006,5.559377441406241
2024-10-24 20:00:00,952.93,969.2365,-16.3065112304688
2024-10-24 21:00:00,951.4,949.48816,1.9118408203124773
2024-10-24 22:00:00,1019.63,1022.29785,-2.6678515625000045
2024-10-24 23:00:00,1071.25,1064.5914,6.6585693359375
2024-10-25 00:00:00,1037.24,1030.6516,6.588388671875009
2024-10-25 01:00:00,1052.31,1061.2373,-8.927304687500055
2024-10-25 02:00:00,994.05,1011.64374,-17.593737792968795
2024-10-25 03:00:00,994.05,929.19354,64.8564575195312
2024-10-25 04:00:00,949.07,938.6224,10.4476245117188
2024-10-25 05:00:00,857.11,873.561,-16.450974121093736
2024-10-25 06:00:00,854.54,853.87695,0.6630468749999636
2024-10-25 07:00:00,870.19,872.23035,-2.0403466796874454
2024-10-25 08:00:00,946.93,930.98724,15.9427563476562
2024-10-25 09:00:00,998.31,961.5723,36.737673339843695
2024-10-25 10:00:00,1048.92,1039.3588,9.561235351562573
2024-10-25 11:00:00,1031.59,1027.8054,3.784580078124918
2024-10-25 12:00:00,1046.67,1050.386,-3.7159863281249272
2024-10-25 13:00:00,1031.85,1040.2017,-8.351660156250091
2024-10-25 14:00:00,1066.95,1053.6083,13.341723632812545
2024-10-25 15:00:00,971.57,970.62665,0.9433520507813
2024-10-25 16:00:00,961.96,950.3198,11.640175781250036
2024-10-25 17:00:00,885.65,887.69507,-2.0450683593750227
2024-10-25 18:00:00,845.06,857.4651,-12.405087890625055
2024-10-25 19:00:00,889.02,886.1431,2.876872558593732
2024-10-25 20:00:00,896.64,917.1509,-20.510878906250014
2024-10-25 21:00:00,987.4,988.11816,-0.7181640625000227
2024-10-25 22:00:00,1052.69,1056.1354,-3.4453759765624454
2024-10-25 23:00:00,1044.6,1064.9895,-20.38950195312509
2024-10-26 00:00:00,914.41,903.3331,11.076870117187468
2024-10-26 01:00:00,858.7,860.71857,-2.0185668945312045
2024-10-26 02:00:00,854.24,841.2035,13.036508789062509
2024-10-26 03:00:00,791.9,793.74524,-1.8452392578125227
2024-10-26 04:00:00,759.19,789.0624,-29.872377929687445
2024-10-26 05:00:00,776.73,760.95215,15.777851562500018
2024-10-26 06:00:00,767.69,764.3546,3.3353857421875546
2024-10-26 07:00:00,754.74,755.59326,-0.8532617187499909
2024-10-26 08:00:00,802.17,788.1506,14.019426269531209
2024-10-26 09:00:00,819.87,835.25214,-15.382136230468745
2024-10-26 10:00:00,832.9,813.9112,18.988806152343727
2024-10-26 11:00:00,926.56,931.6037,-5.043698730468805
2024-10-26 12:00:00,860.8,863.3057,-2.5057250976562955
2024-10-26 13:00:00,830.45,847.4454,-16.995373535156205
2024-10-26 14:00:00,851.61,857.24133,-5.631333007812486
2024-10-26 15:00:00,820.12,815.57404,4.5459643554687545
2024-10-26 16:00:00,781.37,774.0358,7.3341723632812545
2024-10-26 17:00:00,810.23,797.43475,12.795246582031268
2024-10-26 18:00:00,778.52,780.07275,-1.5527539062500182
2024-10-26 19:00:00,763.69,773.72644,-10.036440429687445
2024-10-26 20:00:00,796.82,793.47394,3.3460620117188
2024-10-26 21:00:00,823.7,820.8459,2.8541137695312955
2024-10-26 22:00:00,918.1,904.3131,13.786889648437523
2024-10-26 23:00:00,811.36,835.9254,-24.565415039062486
2024-10-27 00:00:00,875.96,874.44244,1.5175561523437864
2024-10-27 01:00:00,869.06,886.58044,-17.520444335937555
2024-10-27 02:00:00,859.05,858.90326,0.14674072265620453
2024-10-27 03:00:00,806.31,804.7711,1.5388818359374454
2024-10-27 04:00:00,731.43,734.9162,-3.4861987304688
2024-10-27 05:00:00,791.09,779.5242,11.565830078125032
2024-10-27 06:00:00,756.71,752.0744,4.635598144531286
2024-10-27 07:00:00,799.57,809.9958,-10.4257885742187
2024-10-27 08:00:00,753.98,748.9958,4.984211425781268
2024-10-27 09:00:00,871.53,861.8458,9.684174804687473
2024-10-27 10:00:00,951.14,929.97296,21.167038574218736
2024-10-27 11:00:00,856.16,859.01636,-2.856357421875032
2024-10-27 12:00:00,842.03,857.21735,-15.187346191406277
2024-10-27 13:00:00,904.27,890.0393,14.230693359374982
2024-10-27 14:00:00,867.58,856.4627,11.117292480468791
2024-10-27 15:00:00,851.22,831.42346,19.796538085937527
2024-10-27 16:00:00,790.83,784.027,6.803022460937541
2024-10-27 17:00:00,811.42,803.0124,8.407609863281209
2024-10-27 18:00:00,720.76,708.3023,12.457692871093741
2024-10-27 19:00:00,723.68,734.10223,-10.4222338867188
2024-10-27 20:00:00,793.33,788.25604,5.073957519531291
2024-10-27 21:00:00,743.63,757.3642,-13.734196777343755
2024-10-27 22:00:00,869.52,866.4682,3.051799316406232
2024-10-27 23:00:00,929.32,945.8851,-16.5650708007812
2024-10-28 00:00:00,1055.45,1053.2094,2.2406494140625455
2024-10-28 01:00:00,1033.15,1031.5265,1.623510742187591
2024-10-28 02:00:00,987.62,1001.789,-14.169001464843745
2024-10-28 03:00:00,953.48,955.30554,-1.8255419921874818
2024-10-28 04:00:00,919.69,933.71375,-14.023745117187445
2024-10-28 05:00:00,913.7,905.0731,8.626879882812545
2024-10-28 06:00:00,829.17,845.7912,-16.62119873046879
2024-10-28 07:00:00,943.89,940.90216,2.9878393554687364
2024-10-28 08:00:00,950.14,937.27783,12.862167968749986
2024-10-28 09:00:00,963.21,990.6721,-27.462119140624964
2024-10-28 10:00:00,1004.26,998.3913,5.868703613281241
2024-10-28 11:00:00,1076.92,1081.0358,-4.115766601562427
2024-10-28 12:00:00,1055.19,1061.1431,-5.953066406249945
2024-10-28 13:00:00,1046.47,1053.1724,-6.702363281249973
2024-10-28 14:00:00,987.28,999.9517,-12.671721191406277
2024-10-28 15:00:00,965.93,953.31415,12.6158520507812
2024-10-28 16:00:00,953.03,950.2565,2.7735302734374727
2024-10-28 17:00:00,895.1,879.1006,15.999414062500023
2024-10-28 18:00:00,829.59,848.51,-18.920009765624968
2024-10-28 19:00:00,860.1,870.3785,-10.278479003906227
2024-10-28 20:00:00,931.85,948.14594,-16.295935058593727
2024-10-28 21:00:00,978.6,970.6731,7.926904296875023
2024-10-28 22:00:00,1003.4,1003.1578,0.24222412109372726
2024-10-28 23:00:00,1057.07,1055.9751,1.0949023437499363
2024-10-29 00:00:00,1020.43,1008.6027,11.8272778320312
2024-10-29 01:00:00,1003.02,1011.5383,-8.518330078125018
2024-10-29 02:00:00,1040.62,1036.2706,4.349370117187391
2024-10-29 03:00:00,952.77,960.10486,-7.334858398437518
2024-10-29 04:00:00,944.08,939.29126,4.788740234375041
2024-10-29 05:00:00,882.21,907.9088,-25.698813476562464
2024-10-29 06:00:00,899.03,919.508,-20.477995605468777
2024-10-29 07:00:00,919.95,938.9888,-19.038769531249955
2024-10-29 08:00:00,906.53,911.9336,-5.403593750000027
2024-10-29 09:00:00,966.67,974.16705,-7.497053222656291
2024-10-29 10:00:00,1016.51,1009.21295,7.297048339843741
2024-10-29 11:00:00,1099.2,1101.6394,-2.4394042968749545
2024-10-29 12:00:00,1095.31,1102.1902,-6.880185546875055
2024-10-29 13:00:00,1066.91,1058.1879,8.722133789062582
2024-10-29 14:00:00,1031.17,1033.9006,-2.7306347656249272
2024-10-29 15:00:00,983.96,1002.3641,-18.404074707031214
2024-10-29 16:00:00,929.07,911.2639,17.80608398437505
2024-10-29 17:00:00,864.99,863.38446,1.605539550781259
2024-10-29 18:00:00,911.1,907.65485,3.4451538085937727
2024-10-29 19:00:00,889.96,887.1753,2.7847070312500364
2024-10-29 20:00:00,959.29,944.3552,14.934775390624964
2024-10-29 21:00:00,969.6,966.1862,3.4137817382812727
2024-10-29 22:00:00,981.02,981.355,-0.3349804687500182
2024-10-29 23:00:00,1046.72,1042.0061,4.713896484375027
2024-10-30 00:00:00,1080.92,1075.9204,4.999589843750073
2024-10-30 01:00:00,1059.06,1049.6808,9.379213867187445
2024-10-30 02:00:00,1032.27,1044.906,-12.636005859375018
2024-10-30 03:00:00,981.24,965.383,15.857004394531259
2024-10-30 04:00:00,904.29,904.682,-0.3920068359375364
2024-10-30 05:00:00,905.92,890.7584,15.161577148437459
2024-10-30 06:00:00,848.48,872.1651,-23.685100097656232
2024-10-30 07:00:00,894.51,908.53094,-14.020944824218759
2024-10-30 08:00:00,911.46,909.7043,1.7557153320312864
2024-10-30 09:00:00,1018.91,1017.1218,1.7881738281249682
2024-10-30 10:00:00,1067.97,1051.1232,16.846831054687527
2024-10-30 11:00:00,1036.34,1046.1409,-9.800869140625082
2024-10-30 12:00:00,1068.67,1091.938,-23.267988281249927
2024-10-30 13:00:00,1047.45,1030.1349,17.315112304687545
2024-10-30 14:00:00,1046.84,1030.3043,16.535678710937418
2024-10-30 15:00:00,966.48,980.9197,-14.439677734374982
2024-10-30 16:00:00,947.23,953.4629,-6.232890624999982
2024-10-30 17:00:00,880.48,873.18414,7.295856933593768
2024-10-30 18:00:00,804.87,818.966,-14.096003417968745
2024-10-30 19:00:00,875.99,871.80426,4.185739746093759
2024-10-30 20:00:00,895.45,890.22455,5.2254516601562955
2024-10-30 21:00:00,940.87,942.5109,-1.6409252929687455
2024-10-30 22:00:00,995.87,1020.0451,-24.175104980468745
2024-10-30 23:00:00,1036.43,1030.0607,6.369331054687564
2024-10-31 00:00:00,1055.38,1041.8723,13.50768554687511
2024-10-31 01:00:00,1022.44,1030.7478,-8.307802734374945
2024-10-31 02:00:00,990.67,998.8476,-8.177595214843791
2024-10-31 03:00:00,990.66,990.8781,-0.21811279296878183
2024-10-31 04:00:00,914.92,902.46265,12.457353515624959
2024-10-31 05:00:00,887.28,891.8913,-4.611296386718777
2024-10-31 06:00:00,875.95,896.71985,-20.769848632812455
2024-10-31 07:00:00,871.94,881.1683,-9.228273925781195
2024-10-31 08:00:00,947.29,947.7989,-0.5088891601562864
2024-10-31 09:00:00,899.53,904.7299,-5.199919433593777
2024-10-31 10:00:00,1032.3,1048.4636,-16.163623046875045
2024-10-31 11:00:00,1084.17,1075.2915,8.878496093750073
2024-10-31 12:00:00,1021.48,1020.2232,1.2567944335937682
2024-10-31 13:00:00,1020.23,1030.0756,-9.845561523437482
2024-10-31 14:00:00,988.21,996.4099,-8.199912109374964
2024-10-31 15:00:00,927.39,938.51416,-11.124160156250014
2024-10-31 16:00:00,931.0,917.66797,13.33203125
2024-10-31 17:00:00,842.7,855.9925,-13.292492675781205
2024-10-31 18:00:00,878.4,852.41425,25.985754394531227
2024-10-31 19:00:00,939.37,936.4707,2.8992968750000045
2024-10-31 20:00:00,908.35,911.0794,-2.7294067382812273
2024-10-31 21:00:00,985.38,996.4805,-11.100529785156255
2024-10-31 22:00:00,1024.14,1023.67145,0.46855224609385004
2024-10-31 23:00:00,981.57,1004.07086,-22.5008618164062
2024-11-01 00:00:00,1067.21,1074.7798,-7.569785156249964
2024-11-01 01:00:00,1041.08,1032.0875,8.992475585937427
2024-11-01 02:00:00,997.47,1010.9232,-13.453217773437473
2024-11-01 03:00:00,982.29,984.5749,-2.2848901367187864
2024-11-01 04:00:00,926.4,927.33215,-0.9321533203125227
2024-11-01 05:00:00,919.17,918.5077,0.6623095703124591
2024-11-01 06:00:00,919.88,921.91364,-2.0336352539062545
2024-11-01 07:00:00,908.15,907.9451,0.20487060546872726
2024-11-01 08:00:00,869.66,871.9728,-2.312778320312532
2024-11-01 09:00:00,940.32,940.828,-0.50800292968745
2024-11-01 10:00:00,1078.45,1088.9664,-10.516430664062455
2024-11-01 11:00:00,1080.28,1070.3995,9.880463867187473
2024-11-01 12:00:00,1112.89,1101.059,11.8310400390626
2024-11-01 13:00:00,1078.58,1085.3384,-6.758378906250073
2024-11-01 14:00:00,1024.32,1030.8098,-6.489814453125064
2024-11-01 15:00:00,966.56,966.0123,0.5476708984374454
2024-11-01 16:00:00,910.78,920.2036,-9.423613281250027
2024-11-01 17:00:00,867.62,872.43024,-4.8102368164062455
2024-11-01 18:00:00,863.8,864.96204,-1.1620361328125455
2024-11-01 19:00:00,912.44,928.3386,-15.898623046874945
2024-11-01 20:00:00,911.62,906.6069,5.0131274414062545
2024-11-01 21:00:00,984.72,983.7145,1.0055224609375273
2024-11-01 22:00:00,1055.72,1044.198,11.522001953125027
2024-11-01 23:00:00,1005.87,1021.2574,-15.387385253906245
2024-11-02 00:00:00,864.41,890.3185,-25.908481445312532
2024-11-02 01:00:00,884.76,877.3937,7.366323242187491
2024-11-02 02:00:00,846.78,832.3185,14.461518554687473
2024-11-02 03:00:00,794.91,797.17676,-2.266757812500032
2024-11-02 04:00:00,763.01,757.1233,5.886708984374991
2024-11-02 05:00:00,793.65,800.8303,-7.180322265625023
2024-11-02 06:00:00,740.97,733.2539,7.716093750000027
2024-11-02 07:00:00,774.25,769.2214,5.02862548828125
2024-11-02 08:00:00,801.78,790.76746,11.012543945312473
2024-11-02 09:00:00,826.51,845.9981,-19.48810791015626
2024-11-02 10:00:00,889.65,900.29456,-10.644555664062523
2024-11-02 11:00:00,904.32,911.29,-6.9699780273437
2024-11-02 12:00:00,913.45,902.8559,10.594104003906295
2024-11-02 13:00:00,872.24,865.4569,6.783090820312509
2024-11-02 14:00:00,807.05,816.8791,-9.829089355468795
2024-11-02 15:00:00,861.21,856.7372,4.472817382812536
2024-11-02 16:00:00,760.55,775.4184,-14.868395996093795
2024-11-02 17:00:00,785.12,766.5667,18.553288574218755
2024-11-02 18:00:00,787.87,788.90063,-1.0306347656249955
2024-11-02 19:00:00,745.51,733.39996,12.110036621093741
2024-11-02 20:00:00,808.1,815.0506,-6.950598144531227
2024-11-02 21:00:00,838.13,839.06903,-0.9390307617187545
2024-11-02 22:00:00,925.16,907.8647,17.295314941406218
2024-11-02 23:00:00,872.38,880.6377,-8.257695312500005
2024-11-03 00:00:00,878.97,877.6928,1.2771899414062773
2024-11-03 01:00:00,887.72,883.2912,4.428801269531277
2024-11-03 02:00:00,864.89,858.87897,6.011032714843736
2024-11-03 03:00:00,793.73,803.7441,-10.014079589843732
2024-11-03 04:00:00,777.36,767.37195,9.988051757812514
2024-11-03 05:00:00,708.0,698.9007,9.09930419921875
2024-11-03 06:00:00,753.42,753.51917,-0.09916503906254093
2024-11-03 07:00:00,800.86,806.56335,-5.703354492187486
2024-11-03 08:00:00,776.2,794.1045,-17.904492187499955
2024-11-03 09:00:00,813.83,834.0451,-20.21510498046871
2024-11-03 10:00:00,885.72,871.6296,14.090422363281277
2024-11-03 11:00:00,860.53,881.4207,-20.890715332031277
2024-11-03 12:00:00,898.06,892.16266,5.897341308593695
2024-11-03 13:00:00,890.57,884.7471,5.82292968750005
2024-11-03 14:00:00,839.46,839.9075,-0.4474707031249636
2024-11-03 15:00:00,786.11,798.26355,-12.153549804687486
2024-11-03 16:00:00,787.66,796.3332,-8.673190917968782
2024-11-03 17:00:00,738.09,762.33844,-24.248439941406218
2024-11-03 18:00:00,752.0,765.09656,-13.0965576171875
2024-11-03 19:00:00,782.04,783.2955,-1.2554711914062864
2024-11-03 20:00:00,805.44,792.801,12.638974609375055
2024-11-03 21:00:00,826.37,829.2332,-2.8632153320312455
2024-11-03 22:00:00,887.5,882.5419,4.9581298828125
2024-11-03 23:00:00,900.0,889.6792,10.32080078125
2024-11-04 00:00:00,1016.9,1023.4727,-6.572717285156273
2024-11-04 01:00:00,1033.99,1047.5398,-13.549794921874991
2024-11-04 02:00:00,1013.64,1028.337,-14.697036132812514
2024-11-04 03:00:00,913.58,917.8353,-4.255327148437459
2024-11-04 04:00:00,944.26,948.2202,-3.960214843750009
2024-11-04 05:00:00,889.68,903.9367,-14.2567065429688
2024-11-04 06:00:00,885.73,896.132,-10.402019042968732
2024-11-04 07:00:00,917.5,917.8603,-0.36029052734375
2024-11-04 08:00:00,924.12,902.56287,21.557133789062505
2024-11-04 09:00:00,956.62,979.5114,-22.891413574218745
2024-11-04 10:00:00,1002.39,992.48804,9.901962890624986
2024-11-04 11:00:00,1067.55,1049.0828,18.467236328124955
2024-11-04 12:00:00,1031.76,1037.0577,-5.297739257812509
2024-11-04 13:00:00,1052.49,1053.7418,-1.251821289062491
2024-11-04 14:00:00,1025.25,1007.0067,18.2432861328125
2024-11-04 15:00:00,990.21,976.9342,13.275795898437536
2024-11-04 16:00:00,901.32,893.57745,7.7425463867188
2024-11-04 17:00:00,905.23,914.1973,-8.967326660156232
2024-11-04 18:00:00,900.0,889.7077,10.29229736328125
2024-11-04 19:00:00,897.79,902.63104,-4.841042480468786
2024-11-04 20:00:00,902.73,913.51733,-10.787333984374982
2024-11-04 21:00:00,977.28,966.15393,11.126069335937473
2024-11-04 22:00:00,1051.73,1071.5151,-19.785136718749982
2024-11-04 23:00:00,1012.12,997.1974,14.922612304687505
2024-11-05 00:00:00,1069.98,1059.7137,10.266254882812518
2024-11-05 01:00:00,1035.96,1036.9966,-1.0365820312499636
2024-11-05 02:00:00,1015.22,1020.7944,-5.574372558593723
2024-11-05 03:00:00,963.75,959.76166,3.98834228515625
2024-11-05 04:00:00,899.92,915.37775,-15.457746582031291
2024-11-05 05:00:00,909.71,899.9347,9.775307617187536
2024-11-05 06:00:00,853.23,867.93414,-14.704143066406232
2024-11-05 07:00:00,919.33,906.8304,12.499616699218791
2024-11-05 08:00:00,911.07,884.2676,26.80242187500005
2024-11-05 09:00:00,992.67,974.27844,18.39155761718746
2024-11-05 10:00:00,988.28,1002.956,-14.675993652343777
2024-11-05 11:00:00,1037.55,1024.164,13.386059570312455
2024-11-05 12:00:00,1064.86,1066.3785,-1.5185400390626
2024-11-05 13:00:00,1018.26,1017.23505,1.024953613281241
2024-11-05 14:00:00,1016.55,1022.79364,-6.2436401367187955
2024-11-05 15:00:00,906.29,925.1069,-18.816872558593786
2024-11-05 16:00:00,900.38,927.0624,-26.682377929687505
2024-11-05 17:00:00,870.19,867.94977,2.2402319335938046
2024-11-05 18:00:00,903.56,888.90314,14.656862792968695
2024-11-05 19:00:00,894.55,891.05914,3.4908569335937045
2024-11-05 20:00:00,887.39,902.57776,-15.187758789062514
2024-11-05 21:00:00,978.45,959.97504,18.474963378906295
2024-11-05 22:00:00,962.4,971.5003,-9.100305175781273
2024-11-05 23:00:00,1055.58,1068.4242,-12.844194335937573
2024-11-06 00:00:00,1109.15,1100.8599,8.290136718750091
2024-11-06 01:00:00,1095.29,1102.5714,-7.281411132812536
2024-11-06 02:00:00,998.07,1008.38074,-10.31073730468745
2024-11-06 03:00:00,1000.78,1009.8383,-9.058317871093777
2024-11-06 04:00:00,875.68,878.5861,-2.9061206054688
2024-11-06 05:00:00,937.45,921.1469,16.303088378906295
2024-11-06 06:00:00,900.29,919.6454,-19.355385742187536
2024-11-06 07:00:00,887.16,871.2224,15.937587890624968
2024-11-06 08:00:00,965.3,970.80994,-5.5099365234375455
2024-11-06 09:00:00,958.01,951.5897,6.420278320312491
2024-11-06 10:00:00,1015.76,1021.4759,-5.715891113281259
2024-11-06 11:00:00,1039.77,1063.3679,-23.597919921875018
2024-11-06 12:00:00,1054.85,1046.1268,8.723168945312409
2024-11-06 13:00:00,1075.43,1077.1675,-1.7374804687499363
2024-11-06 14:00:00,978.5,981.32074,-2.82073974609375
2024-11-06 15:00:00,961.79,960.5379,1.2520971679687136
2024-11-06 16:00:00,880.35,887.7126,-7.362585449218727
2024-11-06 17:00:00,920.89,897.8355,23.054489746093736
2024-11-06 18:00:00,861.39,852.70056,8.689438476562486
2024-11-06 19:00:00,865.77,862.2635,3.506511230468732
2024-11-06 20:00:00,919.92,911.2913,8.628679199218709
2024-11-06 21:00:00,969.98,970.60364,-0.6236376953124818
2024-11-06 22:00:00,999.45,985.7667,13.683276367187545
2024-11-06 23:00:00,1019.29,1028.4087,-9.118691406250036
2024-11-07 00:00:00,1118.39,1101.7262,16.6638037109376
2024-11-07 01:00:00,1033.18,1040.6049,-7.424858398437436
2024-11-07 02:00:00,1027.25,1022.79004,4.4599609375
2024-11-07 03:00:00,1027.25,962.51965,64.7303466796875
2024-11-07 04:00:00,892.88,904.56555,-11.685551757812505
2024-11-07 05:00:00,932.47,914.0673,18.402678222656277
2024-11-07 06:00:00,893.93,894.1998,-0.26982910156255
2024-11-07 07:00:00,880.12,875.90295,4.2170458984375045
2024-11-07 08:00:00,900.29,908.03174,-7.741738281250036
2024-11-07 09:00:00,1002.81,999.4424,3.3676171874999454
2024-11-07 10:00:00,989.23,995.4977,-6.267680664062482
2024-11-07 11:00:00,1048.91,1070.9889,-22.078891601562418
2024-11-07 12:00:00,1003.12,1006.66785,-3.5478466796874955
2024-11-07 13:00:00,1077.24,1060.0311,17.20887207031251
2024-11-07 14:00:00,1093.56,1069.4573,24.102724609374945
2024-11-07 15:00:00,976.14,963.93994,12.200058593749986
2024-11-07 16:00:00,947.89,938.6232,9.266770019531236
2024-11-07 17:00:00,908.19,897.2637,10.926328125000055
2024-11-07 18:00:00,871.89,863.14777,8.742233886718736
2024-11-07 19:00:00,838.03,861.0188,-22.988798828125027
2024-11-07 20:00:00,918.31,908.78827,9.521730957031195
2024-11-07 21:00:00,966.83,962.918,3.911970214843791
2024-11-07 22:00:00,1059.78,1048.7107,11.069306640624973
2024-11-07 23:00:00,1048.17,1050.4476,-2.2776318359374272
2024-11-08 00:00:00,1069.81,1071.3894,-1.5794042968750546
2024-11-08 01:00:00,1075.64,1071.2961,4.3438574218751
2024-11-08 02:00:00,1016.6,1009.00507,7.594934082031273
2024-11-08 03:00:00,930.22,935.8243,-5.604279785156223
2024-11-08 04:00:00,928.18,914.74457,13.4354321289062
2024-11-08 05:00:00,879.63,899.3929,-19.762883300781255
2024-11-08 06:00:00,864.83,849.1821,15.647871093750041
2024-11-08 07:00:00,870.9,873.1503,-2.2503295898437727
2024-11-08 08:00:00,891.74,902.2322,-10.492177734374991
2024-11-08 09:00:00,1009.75,995.7412,14.0087890625
2024-11-08 10:00:00,953.23,961.03436,-7.804362792968732
2024-11-08 11:00:00,1061.6,1040.0605,21.53945312499991
2024-11-08 12:00:00,1120.6933,1099.119,21.57428144531241
2024-11-08 13:00:00,1064.98,1058.4753,6.504658203125018
2024-11-08 14:00:00,1029.39,1033.329,-3.9389794921874
2024-11-08 15:00:00,1006.07,976.3745,29.69548828125005
2024-11-08 16:00:00,922.0,911.2121,10.78790283203125
2024-11-08 17:00:00,829.5,851.00446,-21.50445556640625
2024-11-08 18:00:00,898.64,891.42365,7.216354980468736
2024-11-08 19:00:00,884.76,886.9773,-2.217294921875009
2024-11-08 20:00:00,911.5,901.1791,10.3209228515625
2024-11-08 21:00:00,957.2,943.58966,13.610339355468795
2024-11-08 22:00:00,1074.94,1059.387,15.553037109375055
2024-11-08 23:00:00,1100.38,1102.1068,-1.7268115234373909
2024-11-09 00:00:00,871.49,878.995,-7.504995117187491
2024-11-09 01:00:00,839.77,853.39886,-13.628864746093768
2024-11-09 02:00:00,801.78,831.91205,-30.132048339843777
2024-11-09 03:00:00,810.96,822.459,-11.498984374999964
2024-11-09 04:00:00,823.57,825.31714,-1.74713867187495
2024-11-09 05:00:00,746.5,747.1516,-0.651611328125
2024-11-09 06:00:00,700.29,732.3589,-32.068886718750036
2024-11-09 07:00:00,781.08,795.9228,-14.842790527343709
2024-11-09 08:00:00,795.16,794.4306,0.7293969726562182
2024-11-09 09:00:00,772.43,775.4281,-2.99810058593755
2024-11-09 10:00:00,870.89,869.7817,1.1083227539062364
2024-11-09 11:00:00,873.56,898.5171,-24.957089843750055
2024-11-09 12:00:00,868.85,884.24646,-15.396459960937477
2024-11-09 13:00:00,851.33,845.23016,6.099836425781291
2024-11-09 14:00:00,865.77,867.2443,-1.4743237304687682
2024-11-09 15:00:00,800.33,802.04736,-1.717363281249959
2024-11-09 16:00:00,735.08,750.8951,-15.815080566406209
2024-11-09 17:00:00,717.43,740.8713,-23.4412768554688
2024-11-09 18:00:00,779.57,774.85974,4.71025878906255
2024-11-09 19:00:00,765.11,763.8172,1.2928002929687636
2024-11-09 20:00:00,773.94,781.29474,-7.354738769531195
2024-11-09 21:00:00,809.02,814.94037,-5.920368652343768
2024-11-09 22:00:00,808.9,825.4361,-16.536096191406273
2024-11-09 23:00:00,876.47,866.193,10.277006835937527
2024-11-10 00:00:00,877.08,871.33624,5.743757324218791
2024-11-10 01:00:00,835.35,817.0929,18.257104492187523
2024-11-10 02:00:00,813.95,820.0669,-6.1168945312499545
2024-11-10 03:00:00,810.85,817.5264,-6.676428222656227
2024-11-10 04:00:00,793.85,800.15485,-6.304846191406227
2024-11-10 05:00:00,764.0,757.5692,6.4307861328125
2024-11-10 06:00:00,746.33,763.44165,-17.11165039062496
2024-11-10 07:00:00,783.91,789.64606,-5.736057128906282
2024-11-10 08:00:00,815.12,802.13727,12.982731933593755
2024-11-10 09:00:00,803.35,825.4906,-22.140600585937477
2024-11-10 10:00:00,850.04,847.10645,2.9335546874999636
2024-11-10 11:00:00,843.28,839.89777,3.3822338867187227
2024-11-10 12:00:00,909.89,921.40063,-11.510634765625014
2024-11-10 13:00:00,886.4,902.6445,-16.244470214843773
2024-11-10 14:00:00,872.32,859.1133,13.20671875000005
2024-11-10 15:00:00,836.66,849.39746,-12.737460937500032
2024-11-10 16:00:00,728.43,737.05444,-8.62444335937505
2024-11-10 17:00:00,744.04,734.4492,9.590781249999964
2024-11-10 18:00:00,789.63,776.6615,12.968500976562495
2024-11-10 19:00:00,778.9,780.40356,-1.5035644531250227
2024-11-10 20:00:00,818.23,816.9609,1.2691235351562682
2024-11-10 21:00:00,828.15,812.35956,15.790441894531227
2024-11-10 22:00:00,818.41,820.4666,-2.056613769531282
2024-11-10 23:00:00,886.4,889.8605,-3.4604736328125227
2024-11-11 00:00:00,1049.44,1033.3496,16.090390625000055
2024-11-11 01:00:00,1019.0,1011.1041,7.8958740234375
2024-11-11 02:00:00,1019.0,1040.1924,-21.1923828125
2024-11-11 03:00:00,988.96,994.25916,-5.299155273437464
2024-11-11 04:00:00,936.76,928.63934,8.120656738281241
2024-11-11 05:00:00,845.61,858.6365,-13.026474609374986
2024-11-11 06:00:00,878.24,893.46045,-15.220449218749991
2024-11-11 07:00:00,855.14,859.1072,-3.9671777343750136
2024-11-11 08:00:00,944.23,946.17126,-1.9412646484374818
2024-11-11 09:00:00,964.26,969.71387,-5.453867187500009
2024-11-11 10:00:00,997.18,1001.70306,-4.5230639648438
2024-11-11 11:00:00,1050.98,1051.1133,-0.1332812499999818
2024-11-11 12:00:00,1017.27,1027.2032,-9.933247070312518
2024-11-11 13:00:00,1102.44,1085.2263,17.213681640625055
2024-11-11 14:00:00,1007.03,1009.6703,-2.6402880859375273
2024-11-11 15:00:00,923.56,920.1884,3.3715844726561954
2024-11-11 16:00:00,885.21,875.05975,10.150246582031286
2024-11-11 17:00:00,871.31,883.2847,-11.974729003906305
2024-11-11 18:00:00,856.09,864.851,-8.761013183593718
2024-11-11 19:00:00,838.65,847.96606,-9.316064453125023
2024-11-11 20:00:00,951.78,951.0835,0.6965039062499727
2024-11-11 21:00:00,996.71,999.6064,-2.8963842773437136
2024-11-11 22:00:00,1042.56,1007.07465,35.485354003906195
2024-11-11 23:00:00,1080.34,1082.1771,-1.8371240234375819
2024-11-12 00:00:00,1068.08,1069.4999,-1.4198779296875728
2024-11-12 01:00:00,1050.42,1039.4093,11.010698242187573
2024-11-12 02:00:00,1050.42,992.2688,58.15120117187507
2024-11-12 03:00:00,1012.2,994.35345,17.846545410156295
2024-11-12 04:00:00,928.91,931.23773,-2.327731933593782
2024-11-12 05:00:00,911.18,904.0326,7.14740722656245
2024-11-12 06:00:00,823.58,837.50006,-13.920061035156209
2024-11-12 07:00:00,866.83,888.3759,-21.54591552734371
2024-11-12 08:00:00,920.76,910.7827,9.977285156249991
2024-11-12 09:00:00,953.82,947.9281,5.89189941406255
2024-11-12 10:00:00,1034.75,1046.3484,-11.598388671875
2024-11-12 11:00:00,1040.09,1033.349,6.741000976562418
2024-11-12 12:00:00,1007.79,1015.01886,-7.228859863281286
2024-11-12 13:00:00,1014.47,1015.44556,-0.9755566406249727
2024-11-12 14:00:00,1037.85,1044.4438,-6.593847656250091
2024-11-12 15:00:00,966.25,984.8253,-18.5753173828125
2024-11-12 16:00:00,900.74,913.03284,-12.292836914062491
2024-11-12 17:00:00,879.97,870.4389,9.531096191406277
2024-11-12 18:00:00,896.51,882.9336,13.576406249999991
2024-11-12 19:00:00,859.2,852.6188,6.5812255859375455
2024-11-12 20:00:00,939.12,932.47784,6.6421557617187545
2024-11-12 21:00:00,975.32,962.5161,12.80388671875005
2024-11-12 22:00:00,1002.03,1002.8269,-0.7969042968750273
2024-11-12 23:00:00,1016.95,1024.8933,-7.9433105468749545
2024-11-13 00:00:00,1043.01,1038.1117,4.898305664062491
2024-11-13 01:00:00,1065.54,1049.629,15.910971679687464
2024-11-13 02:00:00,1025.47,1031.5973,-6.127290039062473
2024-11-13 03:00:00,871.99,881.3991,-9.409108886718741
2024-11-13 04:00:00,907.11,910.2165,-3.1064916992187364
2024-11-13 05:00:00,907.3,890.4081,16.891918945312455
2024-11-13 06:00:00,907.19,913.0708,-5.880800781249945
2024-11-13 07:00:00,857.35,861.47064,-4.120642089843727
2024-11-13 08:00:00,932.66,943.196,-10.535983886718782
2024-11-13 09:00:00,998.0,1004.1996,-6.1995849609375
2024-11-13 10:00:00,978.09,962.7727,15.317294921875032
2024-11-13 11:00:00,1043.11,1052.5878,-9.4777685546876
2024-11-13 12:00:00,1039.56,1029.5079,10.052065429687445
2024-11-13 13:00:00,1045.78,1040.1423,5.637666015624973
2024-11-13 14:00:00,980.85,991.67773,-10.827734374999977
2024-11-13 15:00:00,932.9,958.147,-25.246972656250023
2024-11-13 16:00:00,977.4,984.0148,-6.614770507812523
2024-11-13 17:00:00,857.8,893.48737,-35.687365722656295
2024-11-13 18:00:00,912.38,909.9737,2.4063061523437455
2024-11-13 19:00:00,889.16,907.40485,-18.244846191406282
2024-11-13 20:00:00,883.43,894.5957,-11.16570312500005
2024-11-13 21:00:00,963.17,964.55444,-1.384443359375041
2024-11-13 22:00:00,1028.99,1030.3262,-1.336171874999991
2024-11-13 23:00:00,1026.76,1034.8815,-8.121469726562509
2024-11-14 00:00:00,1075.14,1084.635,-9.4950097656249
2024-11-14 01:00:00,1052.79,1065.3746,-12.584633789062536
2024-11-14 02:00:00,1077.11,1065.9584,11.1516259765624
2024-11-14 03:00:00,954.84,955.81476,-0.9747583007812182
2024-11-14 04:00:00,882.14,881.5487,0.5912939453124864
2024-11-14 05:00:00,904.92,893.721,11.198991699218709
2024-11-14 06:00:00,932.6,930.1571,2.4428955078125227
2024-11-14 07:00:00,869.91,855.75006,14.159938964843718
2024-11-14 08:00:00,879.81,871.38965,8.420351562499945
2024-11-14 09:00:00,985.18,979.9492,5.23078124999995
2024-11-14 10:00:00,1031.58,1015.9914,15.588605957031177
2024-11-14 11:00:00,1060.53,1056.762,3.7680371093749727
2024-11-14 12:00:00,1083.69,1083.8912,-0.20123535156244543
2024-11-14 13:00:00,1031.44,1037.3069,-5.866884765624945
2024-11-14 14:00:00,951.04,956.99927,-5.959267578125036
2024-11-14 15:00:00,1007.28,1019.35,-12.069975585937527
2024-11-14 16:00:00,875.76,905.67865,-29.91864990234376
2024-11-14 17:00:00,867.29,875.3409,-8.050881347656286
2024-11-14 18:00:00,924.58,916.63025,7.949750976562541
2024-11-14 19:00:00,882.14,876.8902,5.249802246093736
2024-11-14 20:00:00,950.64,941.67053,8.969467773437486
2024-11-14 21:00:00,954.98,956.8084,-1.8284106445312318
2024-11-14 22:00:00,1050.17,1045.0261,5.143876953125073
2024-11-14 23:00:00,1041.55,1031.6603,9.889721679687455
2024-11-15 00:00:00,1067.89,1076.914,-9.0239404296874
2024-11-15 01:00:00,989.23,998.7062,-9.476176757812482
2024-11-15 02:00:00,1030.19,1023.361,6.828977050781305
2024-11-15 03:00:00,961.48,945.6012,15.878803710937518
2024-11-15 04:00:00,948.77,960.3468,-11.576801757812518
2024-11-15 05:00:00,933.41,908.1646,25.245388183593718
2024-11-15 06:00:00,862.22,854.2952,7.924772949218777
2024-11-15 07:00:00,944.97,916.2775,28.692473144531277
2024-11-15 08:00:00,935.83,948.4933,-12.663286132812459
2024-11-15 09:00:00,1002.88,997.831,5.0490063476562455
2024-11-15 10:00:00,978.86,989.54254,-10.682541503906236
2024-11-15 11:00:00,1019.35,1025.0458,-5.695776367187477
2024-11-15 12:00:00,1056.69,1045.8954,10.794614257812555
2024-11-15 13:00:00,1047.93,1036.5642,11.365791015625064
2024-11-15 14:00:00,1062.99,1040.3938,22.59620117187501
2024-11-15 15:00:00,940.7,938.1932,2.5068237304687955
2024-11-15 16:00:00,922.2,925.3194,-3.1193969726562045
2024-11-15 17:00:00,884.42,896.09247,-11.672468261718791
2024-11-15 18:00:00,839.24,845.1247,-5.884694824218741
2024-11-15 19:00:00,882.96,875.8144,7.145607910156286
2024-11-15 20:00:00,897.27,930.3784,-33.10841796875002
2024-11-15 21:00:00,866.99,865.7429,1.247080078125009
2024-11-15 22:00:00,999.76,999.0712,0.6887719726562409
2024-11-15 23:00:00,1032.85,1033.0958,-0.24582519531259095
2024-11-16 00:00:00,869.63,876.8648,-7.2348071289062545
2024-11-16 01:00:00,895.82,874.40875,21.4112475585938
2024-11-16 02:00:00,855.57,853.3359,2.2341235351563
2024-11-16 03:00:00,857.59,865.3375,-7.747524414062468
2024-11-16 04:00:00,791.52,800.9478,-9.427814941406268
2024-11-16 05:00:00,792.97,767.6529,25.317106933593777
2024-11-16 06:00:00,734.12,744.1338,-10.013789062499995
2024-11-16 07:00:00,786.76,776.72955,10.030446777343741
2024-11-16 08:00:00,758.63,780.802,-22.172001953125005
2024-11-16 09:00:00,835.06,821.75,13.309999999999945
2024-11-16 10:00:00,852.03,872.61304,-20.583037109375027
2024-11-16 11:00:00,910.53,880.4172,30.112824707031223
2024-11-16 12:00:00,889.93,921.78485,-31.8548510742188
2024-11-16 13:00:00,880.18,864.5922,15.5877758789062
2024-11-16 14:00:00,865.9,869.6622,-3.7621704101562727
2024-11-16 15:00:00,862.36,861.1436,1.2163842773437636
2024-11-16 16:00:00,832.32,817.4485,14.87151367187505
2024-11-16 17:00:00,718.28,710.4724,7.807587890624973
2024-11-16 18:00:00,753.06,762.2843,-9.224301757812555
2024-11-16 19:00:00,802.94,798.8817,4.058286132812555
2024-11-16 20:00:00,803.25,802.57135,0.67864990234375
2024-11-16 21:00:00,821.24,805.8992,15.340830078125009
2024-11-16 22:00:00,823.32,843.91895,-20.59894531249995
2024-11-16 23:00:00,898.43,912.0982,-13.6682055664063
2024-11-17 00:00:00,864.89,860.47894,4.411057128906236
2024-11-17 01:00:00,860.5,861.37854,-0.8785400390625
2024-11-17 02:00:00,879.24,889.7726,-10.532583007812491
2024-11-17 03:00:00,805.23,800.30396,4.926044921875018
2024-11-17 04:00:00,769.99,762.2997,7.690317382812509
2024-11-17 05:00:00,727.19,738.34033,-11.150332031249945
2024-11-17 06:00:00,765.23,780.58875,-15.358745117187482
2024-11-17 07:00:00,757.23,736.8026,20.427387695312518
2024-11-17 08:00:00,769.57,789.3706,-19.80060546874995
2024-11-17 09:00:00,831.87,840.02856,-8.158564453124995
2024-11-17 10:00:00,873.92,873.682,0.23799316406245907
2024-11-17 11:00:00,913.41,891.1107,22.299282226562468
2024-11-17 12:00:00,884.77,888.955,-4.185017089843768
2024-11-17 13:00:00,895.83,903.2377,-7.407670898437459
2024-11-17 14:00:00,844.92,862.9105,-17.99052246093754
2024-11-17 15:00:00,823.78,805.4932,18.286774902343723
2024-11-17 16:00:00,774.38,768.027,6.3530224609374955
2024-11-17 17:00:00,791.92,803.97687,-12.056867675781291
2024-11-17 18:00:00,747.27,752.9571,-5.687092285156268
2024-11-17 19:00:00,754.56,758.47876,-3.9187597656250546
2024-11-17 20:00:00,818.58,815.49426,3.085737304687541
2024-11-17 21:00:00,772.49,769.2313,3.258676757812509
2024-11-17 22:00:00,833.48,815.1038,18.376179199218768
2024-11-17 23:00:00,844.82,838.94946,5.87053710937505
2024-11-18 00:00:00,1073.83,1070.1829,3.6471386718749272
2024-11-18 01:00:00,1068.32,1057.0634,11.256645507812436
2024-11-18 02:00:00,1050.92,1057.9473,-7.027265624999927
2024-11-18 03:00:00,974.21,981.45544,-7.245444335937464
2024-11-18 04:00:00,906.8,904.44635,2.3536499023437045
2024-11-18 05:00:00,889.24,883.7957,5.444284667968759
2024-11-18 06:00:00,908.3,888.457,19.843029785156205
2024-11-18 07:00:00,826.24,843.3702,-17.13017822265624
2024-11-18 08:00:00,986.24,998.34985,-12.109853515624991
2024-11-18 09:00:00,1001.91,987.47064,14.439357910156218
2024-11-18 10:00:00,1021.78,1027.9021,-6.122099609375027
2024-11-18 11:00:00,1054.14,1067.2485,-13.1085351562499
2024-11-18 12:00:00,1050.1,1068.3983,-18.29831542968759
2024-11-18 13:00:00,1036.52,1049.8573,-13.337299804687518
2024-11-18 14:00:00,1012.06,996.78094,15.279055175781195
2024-11-18 15:00:00,1000.43,972.1669,28.26312988281245
2024-11-18 16:00:00,931.99,941.11334,-9.123342285156241
2024-11-18 17:00:00,886.52,888.36084,-1.8408398437500182
2024-11-18 18:00:00,904.96,919.43774,-14.477744140624964
2024-11-18 19:00:00,898.8,898.54395,0.2560546874999545
2024-11-18 20:00:00,932.34,946.6107,-14.270717773437468
2024-11-18 21:00:00,1012.11,1007.42426,4.685744628906264
2024-11-18 22:00:00,1019.03,1000.6413,18.388703613281223
2024-11-18 23:00:00,1033.18,1044.4432,-11.263237304687436
2024-11-19 00:00:00,1084.58,1082.3868,2.1931591796874272
2024-11-19 01:00:00,1009.04,1033.7379,-24.697915039062536
2024-11-19 02:00:00,1029.31,1016.2822,13.027773437499945
2024-11-19 03:00:00,982.01,981.57733,0.4326684570312409
2024-11-19 04:00:00,901.61,899.7302,1.8797753906250136
2024-11-19 05:00:00,944.36,956.07117,-11.711166992187486
2024-11-19 06:00:00,830.69,851.68884,-20.998842773437445
2024-11-19 07:00:00,871.59,882.1813,-10.591274414062468
2024-11-19 08:00:00,941.54,959.2772,-17.737221679687536
2024-11-19 09:00:00,1018.39,1008.5793,9.810715332031236
2024-11-19 10:00:00,1004.69,997.1597,7.530270996093805
2024-11-19 11:00:00,1067.66,1062.9108,4.749233398437582
2024-11-19 12:00:00,1083.69,1089.3799,-5.689882812499945
2024-11-19 13:00:00,1028.86,1037.7118,-8.8517919921876
2024-11-19 14:00:00,1077.67,1069.2394,8.430620117187573
2024-11-19 15:00:00,887.87,918.28204,-30.412043457031245
2024-11-19 16:00:00,963.8,948.4468,15.353222656249955
2024-11-19 17:00:00,909.22,913.65076,-4.430756835937473
2024-11-19 18:00:00,884.06,907.1916,-23.131589355468805
2024-11-19 19:00:00,900.15,900.54987,-0.39986572265627274
2024-11-19 20:00:00,910.38,916.2878,-5.9077807617187545
2024-11-19 21:00:00,1016.7,993.8358,22.864184570312545
2024-11-19 22:00:00,1022.52,1025.4819,-2.961933593750018
2024-11-19 23:00:00,1057.81,1064.2441,-6.434140625000055
2024-11-20 00:00:00,1061.15,1082.5319,-21.38186035156241
2024-11-20 01:00:00,1061.15,1034.5121,26.63791503906259
2024-11-20 02:00:00,1005.83,984.41785,21.41215332031254
2024-11-20 03:00:00,957.13,935.5644,21.565607910156245
2024-11-20 04:00:00,930.32,914.41693,15.9030688476563
2024-11-20 05:00:00,927.96,930.2868,-2.3268041992187136
2024-11-20 06:00:00,896.22,886.9451,9.274870605468777
2024-11-20 07:00:00,939.51,939.0917,0.4183251953124909
2024-11-20 08:00:00,918.19,916.6007,1.5892919921875546
2024-11-20 09:00:00,998.98,989.01245,9.967548828125018
2024-11-20 10:00:00,1024.64,1009.2154,15.42460693359385
2024-11-20 11:00:00,1025.18,1026.2638,-1.0837939453124363
2024-11-20 12:00:00,1046.59,1064.4678,-17.877773437500082
2024-11-20 13:00:00,1075.99,1079.7782,-3.788198242187491
2024-11-20 14:00:00,1043.89,1028.648,15.2420507812501
2024-11-20 15:00:00,943.68,942.7637,0.91632812499995
2024-11-20 16:00:00,884.49,884.8138,-0.3237817382812409
2024-11-20 17:00:00,880.55,877.92334,2.6266601562499545
2024-11-20 18:00:00,895.1,882.4686,12.631372070312523
2024-11-20 19:00:00,906.38,925.616,-19.236027832031255
2024-11-20 20:00:00,908.98,908.29865,0.6813549804687682
2024-11-20 21:00:00,947.4,943.55817,3.8418334960937273
2024-11-20 22:00:00,1032.07,1026.0238,6.046196289062436
2024-11-20 23:00:00,982.8,995.2331,-12.433093261718795
2024-11-21 00:00:00,1038.82,1049.8433,-11.023261718750064
2024-11-21 01:00:00,1016.4,1026.6334,-10.233422851562523
2024-11-21 02:00:00,1000.17,992.2596,7.910417480468709
2024-11-21 03:00:00,972.15,963.6859,8.464086914062477
2024-11-21 04:00:00,909.56,908.8717,0.6882958984374454
2024-11-21 05:00:00,892.11,874.6663,17.443679199218764
2024-11-21 06:00:00,881.9,883.80066,-1.9006591796875227
2024-11-21 07:00:00,958.86,940.706,18.154006347656264
2024-11-21 08:00:00,963.14,969.09106,-5.951064453125014
2024-11-21 09:00:00,915.41,938.8268,-23.416782226562532
2024-11-21 10:00:00,1022.97,1034.6344,-11.664399414062473
2024-11-21 11:00:00,1064.61,1048.5796,16.0304101562499
2024-11-21 12:00:00,1068.3,1069.319,-1.0189697265625455
2024-11-21 13:00:00,1049.53,1033.298,16.232026367187473
2024-11-21 14:00:00,1006.88,1001.2802,5.5997875976562455
2024-11-21 15:00:00,998.14,976.2611,21.878891601562486
2024-11-21 16:00:00,904.53,893.5939,10.936127929687473
2024-11-21 17:00:00,898.3,892.83704,5.4629638671874545
2024-11-21 18:00:00,888.58,888.469,0.11100585937504093
2024-11-21 19:00:00,931.07,915.1872,15.8828051757813
2024-11-21 20:00:00,925.88,938.78253,-12.902531738281255
2024-11-21 21:00:00,995.82,998.6197,-2.7996899414062
2024-11-21 22:00:00,997.6,1002.633,-5.032995605468727
2024-11-21 23:00:00,1047.99,1062.4281,-14.438100585937491
2024-11-22 00:00:00,1072.12,1065.6204,6.499638671874891
2024-11-22 01:00:00,1059.1,1052.447,6.652978515624909
2024-11-22 02:00:00,1059.1,1003.97235,55.12764892578116
2024-11-22 03:00:00,923.28,949.6913,-26.411284179687527
2024-11-22 04:00:00,949.53,945.2204,4.309602050781223
2024-11-22 05:00:00,894.36,885.38995,8.970046386718764
2024-11-22 06:00:00,869.57,871.64624,-2.07624023437495
2024-11-22 07:00:00,943.02,920.5875,22.432475585937482
2024-11-22 08:00:00,934.89,949.0601,-14.170119628906264
2024-11-22 09:00:00,930.73,949.75854,-19.028544921874982
2024-11-22 10:00:00,930.73,1015.41736,-84.68735839843748
2024-11-22 11:00:00,1022.38,1023.4076,-1.0275927734375045
2024-11-22 12:00:00,1064.55,1080.6661,-16.116137695312545
2024-11-22 13:00:00,1045.77,1035.9109,9.859111328124982
2024-11-22 14:00:00,1003.06,1008.3508,-5.290830078125055
2024-11-22 15:00:00,951.55,953.9865,-2.4365112304687955
2024-11-22 16:00:00,922.28,929.66907,-7.389067382812527
2024-11-22 17:00:00,875.76,878.31256,-2.552561035156259
2024-11-22 18:00:00,886.85,891.8623,-5.012304687499977
2024-11-22 19:00:00,883.73,882.1835,1.5465283203125182
2024-11-22 20:00:00,988.76,983.3362,5.423818359374991
2024-11-22 21:00:00,1026.86,1003.28125,23.5787499999999
2024-11-22 22:00:00,991.2,982.2994,8.900622558593795
2024-11-22 23:00:00,1058.91,1058.319,0.5910302734375819
2024-11-23 00:00:00,846.12,870.87836,-24.758356933593745
2024-11-23 01:00:00,825.22,859.9217,-34.70169189453122
2024-11-23 02:00:00,922.55,919.07733,3.4726684570312045
2024-11-23 03:00:00,788.84,808.5644,-19.724392089843718
2024-11-23 04:00:00,789.9,789.2274,0.6725830078124773
2024-11-23 05:00:00,779.01,775.03534,3.974660644531241
2024-11-23 06:00:00,736.64,750.97925,-14.339248046875014
2024-11-23 07:00:00,697.62,725.3372,-27.717219238281245
2024-11-23 08:00:00,747.19,754.76404,-7.574038085937445
2024-11-23 09:00:00,824.57,825.15076,-0.58075683593745
2024-11-23 10:00:00,766.62,782.41144,-15.791437988281245
2024-11-23 11:00:00,870.42,872.3446,-1.924604492187541
2024-11-23 12:00:00,916.48,926.01465,-9.534648437499982
2024-11-23 13:00:00,872.59,880.7007,-8.110683593749968
2024-11-23 14:00:00,827.83,824.3942,3.435773925781291
2024-11-23 15:00:00,783.05,799.644,-16.593981933593795
2024-11-23 16:00:00,803.59,790.183,13.407016601562532
2024-11-23 17:00:00,707.32,725.12177,-17.8017651367187
2024-11-23 18:00:00,758.38,762.6683,-4.2882739257812545
2024-11-23 19:00:00,785.05,774.9019,10.148083496093705
2024-11-23 20:00:00,790.99,774.9169,16.07312988281251
2024-11-23 21:00:00,837.46,838.98303,-1.5230322265624636
2024-11-23 22:00:00,882.13,893.3299,-11.199895019531255
2024-11-23 23:00:00,923.81,924.51874,-0.7087377929688046
2024-11-24 00:00:00,973.0,964.0559,8.944091796875
2024-11-24 01:00:00,844.0,847.99646,-3.9964599609375
2024-11-24 02:00:00,932.82,931.6597,1.1602709960938
2024-11-24 03:00:00,932.82,800.75275,132.0672534179688
2024-11-24 04:00:00,791.58,795.44824,-3.868242187499959
2024-11-24 05:00:00,753.84,756.4721,-2.632106933593718
2024-11-24 06:00:00,720.36,728.05927,-7.699265136718736
2024-11-24 07:00:00,776.15,780.43884,-4.288842773437523
2024-11-24 08:00:00,761.96,749.95483,12.005166015625036
2024-11-24 09:00:00,832.07,814.29016,17.77983886718755
2024-11-24 10:00:00,871.93,888.42395,-16.49395019531255
2024-11-24 11:00:00,865.69,862.88794,2.8020605468750546
2024-11-24 12:00:00,915.27,905.03687,10.233134765624982
2024-11-24 13:00:00,900.21,900.73083,-0.5208349609374636
2024-11-24 14:00:00,903.07,894.0268,9.0432055664063
2024-11-24 15:00:00,760.16,775.1886,-15.028598632812532
2024-11-24 16:00:00,810.64,807.02094,3.6190649414062364
2024-11-24 17:00:00,763.05,753.83655,9.213452148437455
2024-11-24 18:00:00,762.77,766.2227,-3.452717285156268
2024-11-24 19:00:00,780.33,795.55133,-15.221330566406209
2024-11-24 20:00:00,742.9,750.962,-8.061975097656273
2024-11-24 21:00:00,759.31,782.1597,-22.849729003906305
2024-11-24 22:00:00,818.71,820.3351,-1.6250830078124636
2024-11-24 23:00:00,860.89,868.53424,-7.644240722656264
2024-11-25 00:00:00,1092.19,1092.9996,-0.8096337890624454
2024-11-25 01:00:00,1043.72,1046.2561,-2.5361035156249727
2024-11-25 02:00:00,946.08,959.8653,-13.785295410156209
2024-11-25 03:00:00,959.39,967.2459,-7.855910644531264
2024-11-25 04:00:00,868.77,872.9836,-4.213581542968768
2024-11-25 05:00:00,836.27,860.3585,-24.088520507812518
2024-11-25 06:00:00,895.32,900.0291,-4.7091137695312
2024-11-25 07:00:00,882.72,878.8588,3.8611743164062773
2024-11-25 08:00:00,958.2,954.8265,3.3735229492187955
2024-11-25 09:00:00,959.57,976.0978,-16.52777832031245
2024-11-25 10:00:00,1040.02,1015.79095,24.229045410156232
2024-11-25 11:00:00,1024.74,1040.7245,-15.984487304687491
2024-11-25 12:00:00,1095.64,1079.977,15.6629492187501
2024-11-25 13:00:00,1074.53,1065.1838,9.346162109374973
2024-11-25 14:00:00,1016.64,1009.28973,7.350266113281236
2024-11-25 15:00:00,973.93,969.26996,4.6600415039062
2024-11-25 16:00:00,932.46,921.82526,10.634743652343786
2024-11-25 17:00:00,887.47,897.7291,-10.259125976562473
2024-11-25 18:00:00,867.54,869.59155,-2.0515527343750364
2024-11-25 19:00:00,884.58,884.76855,-0.18855468749995907
2024-11-25 20:00:00,910.69,906.7586,3.9313940429688046
2024-11-25 21:00:00,936.35,949.0566,-12.706579589843727
2024-11-25 22:00:00,994.62,997.4474,-2.8273876953124955
2024-11-25 23:00:00,1063.37,1060.8073,2.562749023437391
2024-11-26 00:00:00,1078.46,1093.5948,-15.134848632812464
2024-11-26 01:00:00,1096.19,1076.9523,19.237729492187555
2024-11-26 02:00:00,965.28,969.76434,-4.484343261718777
2024-11-26 03:00:00,951.81,987.5522,-35.742185058593805
2024-11-26 04:00:00,937.77,936.4743,1.2956958007812318
2024-11-26 05:00:00,907.2,890.564,16.635974121093795
2024-11-26 06:00:00,873.18,856.1028,17.07721679687495
2024-11-26 07:00:00,915.6,903.0374,12.562585449218773
2024-11-26 08:00:00,930.5,936.7171,-6.21710205078125
2024-11-26 09:00:00,934.94,940.4351,-5.495119628906195
2024-11-26 10:00:00,1039.45,1024.4434,15.006640625000045
2024-11-26 11:00:00,1080.11,1083.8186,-3.7086035156251
2024-11-26 12:00:00,1044.01,1059.1719,-15.161875000000009
2024-11-26 13:00:00,1081.46,1078.25,3.2100000000000364
2024-11-26 14:00:00,1021.94,1012.22955,9.710446777343805
2024-11-26 15:00:00,1004.11,1002.3025,1.8075097656250136
2024-11-26 16:00:00,854.49,872.1528,-17.66277099609374
2024-11-26 17:00:00,936.6,949.67236,-13.072363281249977
2024-11-26 18:00:00,914.98,925.73083,-10.750834960937482
2024-11-26 19:00:00,884.67,898.4541,-13.784101562500041
2024-11-26 20:00:00,893.73,890.8649,2.865070800781268
2024-11-26 21:00:00,974.96,957.186,17.774025878906286
2024-11-26 22:00:00,982.73,985.89923,-3.169230957031232
2024-11-26 23:00:00,1069.19,1064.5244,4.665585937500055
2024-11-27 00:00:00,1042.51,1058.256,-15.745981445312509
2024-11-27 01:00:00,1042.51,1027.2092,15.300771484374991
2024-11-27 02:00:00,1043.81,1049.7003,-5.890317382812555
2024-11-27 03:00:00,966.13,980.67566,-14.545659179687505
2024-11-27 04:00:00,957.26,955.5305,1.729482421874991
2024-11-27 05:00:00,898.22,904.7565,-6.536469726562473
2024-11-27 06:00:00,818.92,841.3856,-22.46562011718754
2024-11-27 07:00:00,905.83,914.99023,-9.160234374999959
2024-11-27 08:00:00,913.19,917.96045,-4.770449218749945
2024-11-27 09:00:00,913.19,927.2693,-14.079287109374945
2024-11-27 10:00:00,1046.04,1037.7688,8.271201171874964
2024-11-27 11:00:00,1073.65,1097.5968,-23.94680175781241
2024-11-27 12:00:00,1062.87,1066.1542,-3.284174804687609
2024-11-27 13:00:00,1097.95,1098.9042,-0.9541748046874545
2024-11-27 14:00:00,993.49,1009.1787,-15.688710937499991
2024-11-27 15:00:00,956.51,967.49725,-10.987253417968759
2024-11-27 16:00:00,885.59,898.53534,-12.945339355468718
2024-11-27 17:00:00,903.97,918.55835,-14.588349609374973
2024-11-27 18:00:00,854.05,854.87506,-0.8250610351562955
2024-11-27 19:00:00,927.66,916.6513,11.008693847656218
2024-11-27 20:00:00,902.16,916.4298,-14.269809570312532
2024-11-27 21:00:00,941.2,960.0839,-18.883923339843705
2024-11-27 22:00:00,1051.89,1036.2582,15.6318212890626
2024-11-27 23:00:00,1037.84,1037.7343,0.10574707031241815
2024-11-28 00:00:00,1058.77,1053.2904,5.479594726562482
2024-11-28 01:00:00,1076.6,1060.6215,15.978540039062409
2024-11-28 02:00:00,1071.5,1052.5842,18.915771484375
2024-11-28 03:00:00,984.26,985.87445,-1.614450683593759
2024-11-28 04:00:00,870.18,892.52136,-22.34136230468755
2024-11-28 05:00:00,867.6,864.9852,2.6147705078125227
2024-11-28 06:00:00,877.99,888.96686,-10.976857910156241
2024-11-28 07:00:00,921.88,898.8059,23.074091796874995
2024-11-28 08:00:00,890.4,896.66235,-6.262353515625023
2024-11-28 09:00:00,960.71,980.5359,-19.825888671874964
2024-11-28 10:00:00,1034.72,1027.4036,7.316435546875027
2024-11-28 11:00:00,997.36,998.4215,-1.0615087890624864
2024-11-28 12:00:00,1065.11,1039.4807,25.6292871093749
2024-11-28 13:00:00,1008.24,1029.7334,-21.49339843749999
2024-11-28 14:00:00,1028.94,1010.61096,18.329038085937555
2024-11-28 15:00:00,1015.69,1019.1413,-3.4512963867186954
2024-11-28 16:00:00,920.94,919.33484,1.6051611328125546
2024-11-28 17:00:00,843.94,870.77625,-26.836245117187445
2024-11-28 18:00:00,911.1,900.20776,10.892236328125023
2024-11-28 19:00:00,910.96,897.4959,13.464089355468786
2024-11-28 20:00:00,941.13,928.8126,12.317377929687495
2024-11-28 21:00:00,988.41,980.9647,7.445278320312468
2024-11-28 22:00:00,1062.31,1049.5535,12.756533203124945
2024-11-28 23:00:00,1086.0,1058.8856,27.1143798828125
2024-11-29 00:00:00,1067.32,1093.5085,-26.188544921875064
2024-11-29 01:00:00,1069.33,1063.6671,5.662885742187427
2024-11-29 02:00:00,1014.02,1012.91376,1.1062426757812318
2024-11-29 03:00:00,1013.76,1016.2591,-2.499094238281259
2024-11-29 04:00:00,936.64,944.1311,-7.491103515625014
2024-11-29 05:00:00,902.03,877.7243,24.305695800781223
2024-11-29 06:00:00,922.84,936.5343,-13.694301757812468
2024-11-29 07:00:00,922.69,938.79865,-16.108645019531195
2024-11-29 08:00:00,908.73,917.2359,-8.505900878906232
2024-11-29 09:00:00,959.07,974.28326,-15.2132641601562
2024-11-29 10:00:00,1010.42,1005.0572,5.362810058593709
2024-11-29 11:00:00,1070.97,1063.1061,7.863920898437527
2024-11-29 12:00:00,1098.72,1092.4658,6.254179687500027
2024-11-29 13:00:00,1072.66,1066.6842,5.975795898437582
2024-11-29 14:00:00,1012.77,1006.18384,6.586162109374982
2024-11-29 15:00:00,990.03,1004.102,-14.071989746093777
2024-11-29 16:00:00,907.73,909.2523,-1.5223193359374818
2024-11-29 17:00:00,950.81,928.0546,22.755373535156195
2024-11-29 18:00:00,865.44,864.74744,0.6925634765625546
2024-11-29 19:00:00,872.69,886.96265,-14.272646484374945
2024-11-29 20:00:00,889.31,913.0193,-23.709287109375055
2024-11-29 21:00:00,958.84,957.1167,1.7233007812500318
2024-11-29 22:00:00,1027.45,1021.8964,5.5535766601562955
2024-11-29 23:00:00,1096.7,1083.3167,13.383349609375045
2024-11-30 00:00:00,868.32,879.75476,-11.43476074218745
2024-11-30 01:00:00,877.36,865.55475,11.805251464843764
2024-11-30 02:00:00,900.11,906.22546,-6.115463867187486
2024-11-30 03:00:00,819.74,841.72046,-21.98045898437499
2024-11-30 04:00:00,751.74,747.1001,4.639902343750009
2024-11-30 05:00:00,785.19,744.3262,40.863828125000055
2024-11-30 06:00:00,727.58,737.0413,-9.461320800781209
2024-11-30 07:00:00,734.08,741.96716,-7.887163085937459
2024-11-30 08:00:00,716.92,705.86444,11.055559082031209
2024-11-30 09:00:00,716.92,805.6401,-88.72007568359379
2024-11-30 10:00:00,790.08,816.5565,-26.47651855468746
2024-11-30 11:00:00,907.18,888.4354,18.74457519531245
2024-11-30 12:00:00,833.32,842.16974,-8.8497387695312
2024-11-30 13:00:00,878.2,865.5696,12.630419921875045
2024-11-30 14:00:00,832.11,852.783,-20.673020019531236
2024-11-30 15:00:00,855.93,856.28284,-0.35283691406255
2024-11-30 16:00:00,816.31,817.4106,-1.1005834960938046
2024-11-30 17:00:00,808.2,797.8826,10.317370605468795
2024-11-30 18:00:00,754.62,752.48486,2.1351367187500045
2024-11-30 19:00:00,822.64,807.4861,15.153916015624986
2024-11-30 20:00:00,752.56,740.01825,12.541750488281195
2024-11-30 21:00:00,765.8,775.40967,-9.609667968750045
2024-11-30 22:00:00,850.88,855.94476,-5.0647631835937545
2024-11-30 23:00:00,906.97,918.76807,-11.798066406249973
2024-12-01 00:00:00,910.57,905.89813,4.6718676757813
2024-12-01 01:00:00,888.7,872.2187,16.481311035156295
2024-12-01 02:00:00,841.44,814.1008,27.339169921875055
2024-12-01 03:00:00,815.66,834.7703,-19.110324707031282
2024-12-01 04:00:00,807.77,812.8291,-5.059101562500018
2024-12-01 05:00:00,748.43,769.22406,-20.7940600585938
2024-12-01 06:00:00,756.01,768.2063,-12.196298828125009
2024-12-01 07:00:00,752.26,757.58984,-5.329843750000009
2024-12-01 08:00:00,744.26,761.297,-17.03699707031251
2024-12-01 09:00:00,814.72,802.0952,12.624785156250027
2024-12-01 10:00:00,831.4,828.34937,3.0506347656249773
2024-12-01 11:00:00,843.35,865.204,-21.853979492187477
2024-12-01 12:00:00,865.18,883.88715,-18.7071459960938
2024-12-01 13:00:00,849.59,855.2612,-5.671230468749968
2024-12-01 14:00:00,839.39,832.4035,6.986496582031236
2024-12-01 15:00:00,809.75,823.8789,-14.12890625
2024-12-01 16:00:00,767.72,775.9404,-8.220429687499973
2024-12-01 17:00:00,769.06,770.7402,-1.6801733398438046
2024-12-01 18:00:00,740.73,735.7413,4.988728027343768
2024-12-01 19:00:00,737.2,744.1091,-6.9090698242187045
2024-12-01 20:00:00,779.15,768.5157,10.634313964843727
2024-12-01 21:00:00,816.94,813.5723,3.3676733398438046
2024-12-01 22:00:00,800.7,793.5936,7.1063720703125455
2024-12-01 23:00:00,895.23,894.37573,0.8542675781250182
2024-12-02 00:00:00,1061.17,1046.9537,14.216264648437573
2024-12-02 01:00:00,1064.96,1052.5543,12.405678710937536
2024-12-02 02:00:00,1019.18,1028.3462,-9.16619140625005
2024-12-02 03:00:00,1000.07,1003.2139,-3.1439282226562
2024-12-02 04:00:00,941.66,939.358,2.302028808593718
2024-12-02 05:00:00,900.25,879.56036,20.68963623046875
2024-12-02 06:00:00,912.48,926.8671,-14.387126464843732
2024-12-02 07:00:00,912.48,916.3176,-3.837626953124982
2024-12-02 08:00:00,932.24,915.6178,16.62220214843751
2024-12-02 09:00:00,941.59,940.2212,1.3688085937500318
2024-12-02 10:00:00,969.6,972.3949,-2.7948974609374773
2024-12-02 11:00:00,1041.81,1053.0581,-11.248105468750055
2024-12-02 12:00:00,1070.19,1064.384,5.805966796875055
2024-12-02 13:00:00,1089.76,1071.5931,18.16686035156249
2024-12-02 14:00:00,1007.51,1026.5353,-19.02527832031251
2024-12-02 15:00:00,1027.99,995.97723,32.01276611328126
2024-12-02 16:00:00,877.88,887.60034,-9.720341796875005
2024-12-02 17:00:00,928.2,930.70667,-2.5066650390624545
2024-12-02 18:00:00,838.21,852.97363,-14.763632812499964
2024-12-02 19:00:00,894.96,913.5707,-18.610678710937464
2024-12-02 20:00:00,883.98,894.3445,-10.364482421874982
2024-12-02 21:00:00,980.69,977.6919,2.9981054687500546
2024-12-02 22:00:00,982.09,961.62445,20.465549316406282
2024-12-02 23:00:00,1053.63,1043.9092,9.72082031250011
2024-12-03 00:00:00,1080.67,1075.2279,5.442094726562573
2024-12-03 01:00:00,1028.88,1043.6587,-14.77869140624989
2024-12-03 02:00:00,1004.87,1009.36224,-4.4922436523437455
2024-12-03 03:00:00,991.02,994.93787,-3.917866210937518
2024-12-03 04:00:00,921.77,922.6774,-0.9074291992187682
2024-12-03 05:00:00,849.57,865.7203,-16.1502758789062
2024-12-03 06:00:00,875.96,892.3721,-16.412070312499964
2024-12-03 07:00:00,968.16,959.2492,8.910793457031218
2024-12-03 08:00:00,938.44,948.91016,-10.470156249999945
2024-12-03 09:00:00,993.94,1006.84125,-12.901247558593695
2024-12-03 10:00:00,1034.77,1020.052,14.717998046874982
2024-12-03 11:00:00,1055.46,1059.7123,-4.252280273437464
2024-12-03 12:00:00,1017.02,1015.42566,1.5943408203124818
2024-12-03 13:00:00,1047.94,1041.9016,6.038388671875055
2024-12-03 14:00:00,1013.93,1007.1475,6.7824780273437
2024-12-03 15:00:00,920.6,914.9819,5.618127441406273
2024-12-03 16:00:00,889.59,893.2296,-3.639614257812468
2024-12-03 17:00:00,874.53,855.65515,18.874848632812473
2024-12-03 18:00:00,880.16,894.78406,-14.624057617187532
2024-12-03 19:00:00,922.13,905.2711,16.858881835937495
2024-12-03 20:00:00,957.64,957.1996,0.44041503906248636
2024-12-03 21:00:00,971.85,970.51215,1.3378540039062727
2024-12-03 22:00:00,983.31,981.3285,1.9815087890624454
2024-12-03 23:00:00,990.64,999.3824,-8.742385253906264
2024-12-04 00:00:00,1012.64,990.8118,21.828171386718736
2024-12-04 01:00:00,1024.39,1027.8682,-3.4781640624999
2024-12-04 02:00:00,948.23,970.84766,-22.617656249999982
2024-12-04 03:00:00,967.11,961.24817,5.861831054687514
2024-12-04 04:00:00,899.18,887.8399,11.3400952148437
2024-12-04 05:00:00,907.18,890.79846,16.38153808593745
2024-12-04 06:00:00,891.79,899.1877,-7.397683105468786
2024-12-04 07:00:00,892.27,895.34515,-3.075153808593768
2024-12-04 08:00:00,935.58,941.70917,-6.129167480468709
2024-12-04 09:00:00,955.44,935.20996,20.230039062500055
2024-12-04 10:00:00,1001.74,1015.96106,-14.221059570312491
2024-12-04 11:00:00,1044.74,1052.3925,-7.652456054687491
2024-12-04 12:00:00,1060.27,1052.9202,7.349833984374982
2024-12-04 13:00:00,1077.26,1072.0919,5.168081054687491
2024-12-04 14:00:00,1021.32,1019.8163,1.50371582031255
2024-12-04 15:00:00,1021.32,948.14264,73.1773608398438
2024-12-04 16:00:00,914.71,916.52466,-1.8146582031249636
2024-12-04 17:00:00,894.55,909.34015,-14.790148925781295
2024-12-04 18:00:00,881.43,878.6151,2.81488769531245
2024-12-04 19:00:00,919.1,912.3043,6.795678710937523
2024-12-04 20:00:00,937.06,935.0592,2.0007958984374454
2024-12-04 21:00:00,995.32,1003.81525,-8.4952465820312
2024-12-04 22:00:00,980.07,987.16034,-7.0903393554687
2024-12-04 23:00:00,1045.41,1051.0552,-5.645175781249918
2024-12-05 00:00:00,1055.14,1049.8933,5.2466894531251
2024-12-05 01:00:00,1061.79,1070.095,-8.304970703125036
2024-12-05 02:00:00,991.78,980.3757,11.404328613281223
2024-12-05 03:00:00,989.01,989.0947,-0.0847265625000091
2024-12-05 04:00:00,914.99,913.1898,1.800180664062509
2024-12-05 05:00:00,864.14,870.79614,-6.656142578125014
2024-12-05 06:00:00,852.51,852.91895,-0.4089453125000091
2024-12-05 07:00:00,865.11,876.75543,-11.645432128906236
2024-12-05 08:00:00,936.64,944.1927,-7.552687988281264
2024-12-05 09:00:00,993.52,985.1791,8.340922851562482
2024-12-05 10:00:00,1004.55,1034.2589,-29.708911132812545
2024-12-05 11:00:00,1078.62,1085.0143,-6.394282226562609
2024-12-05 12:00:00,1079.8,1070.5925,9.207470703124955
2024-12-05 13:00:00,1120.6933,1046.5021,74.19122480468741
2024-12-05 14:00:00,1024.72,1015.5155,9.204497070312527
2024-12-05 15:00:00,961.17,946.0302,15.139787597656209
2024-12-05 16:00:00,900.41,898.7214,1.6886254882812182
2024-12-05 17:00:00,816.25,849.61487,-33.3648681640625
2024-12-05 18:00:00,920.4,907.33264,13.067358398437477
2024-12-05 19:00:00,881.49,873.4488,8.041208496093759
2024-12-05 20:00:00,926.79,921.09564,5.694357910156214
2024-12-05 21:00:00,945.02,946.4734,-1.4533886718750182
2024-12-05 22:00:00,1012.15,1016.9544,-4.804406738281273
2024-12-05 23:00:00,1045.46,1036.2423,9.217690429687536
2024-12-06 00:00:00,1073.34,1065.1903,8.149692382812418
2024-12-06 01:00:00,1088.92,1072.3124,16.607622070312573
2024-12-06 02:00:00,1053.32,1046.1844,7.135551757812436
2024-12-06 03:00:00,975.2,982.33105,-7.1310546874999545
2024-12-06 04:00:00,874.24,882.49335,-8.253347167968741
2024-12-06 05:00:00,970.09,959.5132,10.576816406250032
2024-12-06 06:00:00,888.41,920.92615,-32.51614746093753
2024-12-06 07:00:00,906.86,904.4169,2.4431298828125136
2024-12-06 08:00:00,901.51,897.5796,3.930410156249991
2024-12-06 09:00:00,958.95,975.2098,-16.259777832031205
2024-12-06 10:00:00,993.34,1008.5914,-15.251369628906218
2024-12-06 11:00:00,1084.21,1081.1167,3.0933007812500364
2024-12-06 12:00:00,1070.99,1051.6741,19.31592773437501
2024-12-06 13:00:00,1042.36,1040.883,1.4769433593749
2024-12-06 14:00:00,1013.87,1003.18286,10.687138671875005
2024-12-06 15:00:00,993.32,990.74615,2.5738452148438
2024-12-06 16:00:00,947.59,953.3794,-5.789394531249968
2024-12-06 17:00:00,947.37,950.7391,-3.3690747070312455
2024-12-06 18:00:00,947.37,898.1889,49.181096191406255
2024-12-06 19:00:00,874.55,882.74786,-8.197863769531295
2024-12-06 20:00:00,848.45,849.225,-0.7749755859374545
2024-12-06 21:00:00,969.73,976.9305,-7.200480957031232
2024-12-06 22:00:00,1006.33,1007.74036,-1.410356445312459
2024-12-06 23:00:00,1035.06,1052.6962,-17.636166992187555
2024-12-07 00:00:00,920.46,899.8203,20.639687500000036
2024-12-07 01:00:00,854.3,854.8644,-0.5643798828125455
2024-12-07 02:00:00,841.16,853.9206,-12.760593261718782
2024-12-07 03:00:00,828.88,833.17365,-4.2936450195312545
2024-12-07 04:00:00,784.24,799.8508,-15.610830078124991
2024-12-07 05:00:00,772.08,781.0811,-9.001115722656209
2024-12-07 06:00:00,801.52,783.5305,17.989482421874982
2024-12-07 07:00:00,738.02,748.3932,-10.373188476562518
2024-12-07 08:00:00,788.38,781.27893,7.1010693359374955
2024-12-07 09:00:00,853.05,842.2332,10.816784667968705
2024-12-07 10:00:00,872.64,868.77094,3.8690649414062364
2024-12-07 11:00:00,885.63,907.5346,-21.904606933593755
2024-12-07 12:00:00,912.06,916.9359,-4.875913085937555
2024-12-07 13:00:00,928.4,931.9086,-3.5086303710937727
2024-12-07 14:00:00,867.59,884.1978,-16.607814941406218
2024-12-07 15:00:00,808.01,824.4281,-16.41810058593751
2024-12-07 16:00:00,677.4,702.9123,-25.512292480468773
2024-12-07 17:00:00,794.25,799.61115,-5.36114501953125
2024-12-07 18:00:00,704.44,725.7148,-21.274782714843695
2024-12-07 19:00:00,743.24,731.1083,12.131723632812509
2024-12-07 20:00:00,754.63,774.7488,-20.118779296875005
2024-12-07 21:00:00,785.71,797.7477,-12.037680664062464
2024-12-07 22:00:00,869.18,865.15656,4.0234448242187
2024-12-07 23:00:00,843.03,850.1555,-7.125517578125027
2024-12-08 00:00:00,851.8,850.3244,1.4755981445312045
2024-12-08 01:00:00,896.58,895.06793,1.512067871093791
2024-12-08 02:00:00,874.93,859.12427,15.80573242187495
2024-12-08 03:00:00,823.41,832.7186,-9.308627929687532
2024-12-08 04:00:00,761.36,764.39575,-3.0357519531249864
2024-12-08 05:00:00,739.8,727.0825,12.717480468749955
2024-12-08 06:00:00,720.24,729.882,-9.642019042968741
2024-12-08 07:00:00,771.84,766.3235,5.516513671875032
2024-12-08 08:00:00,831.77,827.07117,4.698833007812482
2024-12-08 09:00:00,758.13,773.8632,-15.733220214843755
2024-12-08 10:00:00,847.64,843.5956,4.044418945312486
2024-12-08 11:00:00,840.0,851.98083,-11.9808349609375
2024-12-08 12:00:00,854.45,851.6621,2.7878906250000455
2024-12-08 13:00:00,913.4,906.94354,6.456457519531227
2024-12-08 14:00:00,832.67,842.1525,-9.482526855468791
2024-12-08 15:00:00,807.36,817.3727,-10.012680664062486
2024-12-08 16:00:00,806.41,795.6626,10.747402343749968
2024-12-08 17:00:00,744.49,747.8755,-3.385488281249991
2024-12-08 18:00:00,758.2,738.0181,20.181872558593795
2024-12-08 19:00:00,810.52,817.3613,-6.841328125000018
2024-12-08 20:00:00,778.53,783.21875,-4.688750000000027
2024-12-08 21:00:00,803.78,826.1351,-22.355070800781277
2024-12-08 22:00:00,881.13,872.6539,8.476130371093745
2024-12-08 23:00:00,855.19,844.6331,10.556882324218805
2024-12-09 00:00:00,976.24,994.6125,-18.37248779296874
2024-12-09 01:00:00,1031.87,1038.1472,-6.277216796875109
2024-12-09 02:00:00,1045.8,1032.5173,13.282666015624955
2024-12-09 03:00:00,997.85,990.89294,6.957055664062523
2024-12-09 04:00:00,961.38,959.60126,1.7787426757812455
2024-12-09 05:00:00,904.04,889.0692,14.970786132812464
2024-12-09 06:00:00,914.55,933.31683,-18.766833496093795
2024-12-09 07:00:00,914.55,873.12366,41.426342773437455
2024-12-09 08:00:00,938.88,925.5099,13.370112304687495
2024-12-09 09:00:00,977.27,974.0654,3.204570312499982
2024-12-09 10:00:00,1020.25,1022.6595,-2.40948486328125
2024-12-09 11:00:00,1076.21,1081.537,-5.326987304687464
2024-12-09 12:00:00,1018.95,1030.2163,-11.266308593749955
2024-12-09 13:00:00,982.75,998.0123,-15.2623291015625
2024-12-09 14:00:00,995.93,1021.232,-25.3019946289063
2024-12-09 15:00:00,956.9,964.43396,-7.533959960937523
2024-12-09 16:00:00,1013.4,1002.6578,10.742224121093727
2024-12-09 17:00:00,901.85,917.09735,-15.247351074218727
2024-12-09 18:00:00,848.38,865.5841,-17.204106445312505
2024-12-09 19:00:00,865.78,864.0413,1.7386791992187227
2024-12-09 20:00:00,863.03,875.9064,-12.876372070312527
2024-12-09 21:00:00,950.67,941.3196,9.350419921874959
2024-12-09 22:00:00,1021.73,1018.2019,3.528095703125018
2024-12-09 23:00:00,1021.73,1083.2354,-61.50535156249998
2024-12-10 00:00:00,1080.11,1074.1888,5.9211572265624
2024-12-10 01:00:00,1048.75,1060.7556,-12.005615234375
2024-12-10 02:00:00,1002.93,1009.86664,-6.9366381835938
2024-12-10 03:00:00,954.48,977.2151,-22.735087890624982
2024-12-10 04:00:00,939.27,921.64966,17.620341796874982
2024-12-10 05:00:00,934.43,932.9105,1.51947753906245
2024-12-10 06:00:00,899.12,887.5842,11.535771484375005
2024-12-10 07:00:00,896.22,899.9663,-3.7463085937499727
2024-12-10 08:00:00,864.1,865.49835,-1.3983520507812273
2024-12-10 09:00:00,960.96,969.7378,-8.777792968749964
2024-12-10 10:00:00,1029.12,1034.2257,-5.105708007812609
2024-12-10 11:00:00,1011.0,1021.1025,-10.10247802734375
2024-12-10 12:00:00,1029.96,1037.2377,-7.277670898437464
2024-12-10 13:00:00,1061.16,1069.9774,-8.817416992187418
2024-12-10 14:00:00,984.99,978.66223,6.327768554687509
2024-12-10 15:00:00,997.5,1007.08154,-9.58154296875
2024-12-10 16:00:00,904.12,912.85645,-8.736445312499995
2024-12-10 17:00:00,862.79,863.98926,-1.1992578125000364
2024-12-10 18:00:00,846.51,852.72534,-6.215341796875009
2024-12-10 19:00:00,895.84,902.3732,-6.533229980468718
2024-12-10 20:00:00,997.93,983.30994,14.62006347656245
2024-12-10 21:00:00,979.67,985.80206,-6.132062988281291
2024-12-10 22:00:00,983.3,980.95905,2.3409545898437045
2024-12-10 23:00:00,1066.55,1079.4099,-12.859912109375045
2024-12-11 00:00:00,1048.15,1052.3755,-4.225488281249909
2024-12-11 01:00:00,1062.41,1080.7396,-18.329624023437418
2024-12-11 02:00:00,1028.62,1032.0133,-3.393305664062609
2024-12-11 03:00:00,869.74,899.70135,-29.96135498046874
2024-12-11 04:00:00,903.26,895.8603,7.399709472656241
2024-12-11 05:00:00,927.65,902.23224,25.417761230468727
2024-12-11 06:00:00,886.45,894.24286,-7.7928588867187045
2024-12-11 07:00:00,874.23,857.23627,16.993732910156268
2024-12-11 08:00:00,874.23,911.6795,-37.44950439453123
2024-12-11 09:00:00,933.94,928.54254,5.397458496093805
2024-12-11 10:00:00,1007.6,1003.4966,4.103417968750023
2024-12-11 11:00:00,1090.56,1085.3293,5.230654296874945
2024-12-11 12:00:00,1094.79,1082.7112,12.078818359374964
2024-12-11 13:00:00,1068.74,1095.7523,-27.01231933593749
2024-12-11 14:00:00,1049.72,1044.268,5.452055664062527
2024-12-11 15:00:00,1014.39,1010.01324,4.376755371093736
2024-12-11 16:00:00,986.6,981.83606,4.763940429687523
2024-12-11 17:00:00,904.39,897.40796,6.982041015624986
2024-12-11 18:00:00,878.72,874.3889,4.331083984375027
2024-12-11 19:00:00,906.22,906.7054,-0.4853833007812227
2024-12-11 20:00:00,989.98,971.06665,18.913349609375018
2024-12-11 21:00:00,972.89,962.35504,10.534958496093736
2024-12-11 22:00:00,987.38,997.1902,-9.810185546875005
2024-12-11 23:00:00,1025.2,1040.0134,-14.813427734374955
2024-12-12 00:00:00,1025.2,1061.7206,-36.520581054687455
2024-12-12 01:00:00,1089.14,1070.9585,18.1815039062501
2024-12-12 02:00:00,972.88,979.7728,-6.8928271484375045
2024-12-12 03:00:00,1024.98,1017.2718,7.708210449218768
2024-12-12 04:00:00,918.91,897.10925,21.800747070312468
2024-12-12 05:00:00,868.58,869.9822,-1.402177734374959
2024-12-12 06:00:00,872.73,878.10583,-5.375834960937482
2024-12-12 07:00:00,944.97,957.90607,-12.936066894531223
2024-12-12 08:00:00,952.28,939.681,12.598969726562473
2024-12-12 09:00:00,954.98,943.2036,11.776386718750018
2024-12-12 10:00:00,1044.29,1033.7069,10.583090820312464
2024-12-12 11:00:00,1071.3,1069.2474,2.0525634765624545
2024-12-12 12:00:00,1069.53,1064.615,4.915009765624973
2024-12-12 13:00:00,1080.15,1072.2496,7.900366210937591
2024-12-12 14:00:00,1015.52,991.75134,23.768657226562482
2024-12-12 15:00:00,952.93,962.70685,-9.7768481445313
2024-12-12 16:00:00,882.71,888.7682,-6.058188476562464
2024-12-12 17:00:00,851.85,857.6693,-5.819311523437477
2024-12-12 18:00:00,917.65,917.59827,0.05173339843747726
2024-12-12 19:00:00,956.14,944.9661,11.173874511718736
2024-12-12 20:00:00,925.77,916.1741,9.595927734374982
2024-12-12 21:00:00,1000.39,1015.9599,-15.569899902343764
2024-12-12 22:00:00,1017.06,1008.4103,8.649721679687445
2024-12-12 23:00:00,1024.73,1025.7751,-1.0451464843749818
2024-12-13 00:00:00,1059.27,1070.1078,-10.837788085937518
2024-12-13 01:00:00,1029.82,1015.8535,13.966484374999936
2024-12-13 02:00:00,992.56,989.401,3.1589990234374454
2024-12-13 03:00:00,1013.65,1009.09937,4.550634765624977
2024-12-13 04:00:00,933.24,936.8849,-3.644887695312491
2024-12-13 05:00:00,920.76,900.292,20.46800781249999
2024-12-13 06:00:00,901.63,918.09143,-16.461430664062505
2024-12-13 07:00:00,887.62,883.73285,3.8871508789062545
2024-12-13 08:00:00,911.32,913.0181,-1.6981274414062
2024-12-13 09:00:00,937.62,940.55145,-2.9314526367187455
2024-12-13 10:00:00,1013.91,1017.28546,-3.375461425781282
2024-12-13 11:00:00,1030.74,1044.0459,-13.305898437499991
2024-12-13 12:00:00,1063.39,1069.6974,-6.3073876953124
2024-12-13 13:00:00,1051.6,1053.1304,-1.530371093750091
2024-12-13 14:00:00,1049.38,1060.1117,-10.73169433593739
2024-12-13 15:00:00,956.87,960.28284,-3.4128369140624955
2024-12-13 16:00:00,886.26,889.83777,-3.577768554687509
2024-12-13 17:00:00,889.1,888.2106,0.8894287109375227
2024-12-13 18:00:00,862.15,870.4264,-8.276391601562523
2024-12-13 19:00:00,909.43,896.9409,12.48908203124995
2024-12-13 20:00:00,945.26,951.52295,-6.262949218750009
2024-12-13 21:00:00,978.01,979.3225,-1.312509765625009
2024-12-13 22:00:00,975.97,970.92914,5.040861816406277
2024-12-13 23:00:00,1015.56,1021.4388,-5.878781738281305
2024-12-14 00:00:00,894.18,897.9172,-3.7371752929688
2024-12-14 01:00:00,901.93,891.58057,10.34943359374995
2024-12-14 02:00:00,901.35,907.8892,-6.539221191406227
2024-12-14 03:00:00,830.69,837.3852,-6.695192871093695
2024-12-14 04:00:00,775.36,774.9942,0.36579833984376364
2024-12-14 05:00:00,750.06,743.9483,6.111696777343695
2024-12-14 06:00:00,763.98,744.4735,19.506489257812518
2024-12-14 07:00:00,748.43,746.0316,2.39838378906245
2024-12-14 08:00:00,795.56,800.1865,-4.626523437500055
2024-12-14 09:00:00,821.16,817.7059,3.454128417968718
2024-12-14 10:00:00,799.27,814.01105,-14.741047363281268
2024-12-14 11:00:00,868.07,874.30743,-6.2374340820312
2024-12-14 12:00:00,886.03,884.47205,1.5579541015624727
2024-12-14 13:00:00,903.17,891.46436,11.705644531249959
2024-12-14 14:00:00,885.81,868.017,17.792971191406195
2024-12-14 15:00:00,844.25,827.8817,16.3682861328125
2024-12-14 16:00:00,812.31,822.7558,-10.445798339843805
2024-12-14 17:00:00,759.4,749.7344,9.665624999999977
2024-12-14 18:00:00,718.68,737.9989,-19.31890136718755
2024-12-14 19:00:00,751.98,763.21545,-11.235454101562482
2024-12-14 20:00:00,767.35,792.9534,-25.603430175781227
2024-12-14 21:00:00,745.66,752.39185,-6.731845703125032
2024-12-14 22:00:00,866.37,849.6643,16.705693359375005
2024-12-14 23:00:00,876.1,875.6292,0.47078857421877274
2024-12-15 00:00:00,865.53,861.2718,4.258210449218723
2024-12-15 01:00:00,835.57,851.28467,-15.71466796874995
2024-12-15 02:00:00,835.57,879.15173,-43.58173339843745
2024-12-15 03:00:00,811.62,845.56946,-33.949458007812495
2024-12-15 04:00:00,805.95,796.63635,9.313647460937545
2024-12-15 05:00:00,803.91,788.66437,15.245632324218718
2024-12-15 06:00:00,753.48,744.384,9.096027832031268
2024-12-15 07:00:00,820.46,808.5812,11.878823242187536
2024-12-15 08:00:00,771.0,774.05664,-3.056640625
2024-12-15 09:00:00,784.47,786.37897,-1.9089672851562227
2024-12-15 10:00:00,887.46,902.49725,-15.037253417968714
2024-12-15 11:00:00,866.01,879.2981,-13.288095703125009
2024-12-15 12:00:00,868.75,872.9135,-4.16351318359375
2024-12-15 13:00:00,870.07,857.0675,13.00249511718755
2024-12-15 14:00:00,863.71,852.66516,11.044838867187536
2024-12-15 15:00:00,839.29,830.83563,8.454367675781214
2024-12-15 16:00:00,788.34,808.52997,-20.189968261718718
2024-12-15 17:00:00,778.2,775.2598,2.9401733398437955
2024-12-15 18:00:00,727.49,743.33044,-15.840444335937491
2024-12-15 19:00:00,791.48,780.9695,10.510517578125018
2024-12-15 20:00:00,804.39,800.44354,3.9464575195312364
2024-12-15 21:00:00,813.44,815.59924,-2.1592431640624454
2024-12-15 22:00:00,867.44,868.17316,-0.7331567382811954
2024-12-15 23:00:00,873.6,872.95135,0.6486450195312727
2024-12-16 00:00:00,1070.92,1068.544,2.3760546875000728
2024-12-16 01:00:00,1073.87,1079.4343,-5.564326171875109
2024-12-16 02:00:00,1029.27,1032.5853,-3.315327148437518
2024-12-16 03:00:00,950.76,954.7074,-3.947397460937509
2024-12-16 04:00:00,946.34,948.30475,-1.9647485351562182
2024-12-16 05:00:00,832.37,832.80554,-0.43554199218749545
2024-12-16 06:00:00,921.44,922.24805,-0.8080468749999454
2024-12-16 07:00:00,826.76,837.17236,-10.412363281250009
2024-12-16 08:00:00,938.29,922.66296,15.627036132812464
2024-12-16 09:00:00,976.08,973.2983,2.781721191406291
2024-12-16 10:00:00,980.42,1002.5605,-22.14048583984379
2024-12-16 11:00:00,1092.59,1072.7327,19.857333984374918
2024-12-16 12:00:00,990.67,1025.4877,-34.81767089843754
2024-12-16 13:00:00,1048.15,1042.8279,5.322119140625091
2024-12-16 14:00:00,1005.52,993.8543,11.665690917968732
2024-12-16 15:00:00,980.75,989.2619,-8.51190185546875
2024-12-16 16:00:00,908.9,920.53,-11.630029296875023
2024-12-16 17:00:00,870.89,870.29095,0.5990454101562364
2024-12-16 18:00:00,871.47,881.63293,-10.162934570312473
2024-12-16 19:00:00,887.41,872.4172,14.992824707031218
2024-12-16 20:00:00,929.63,916.98846,12.641535644531245
2024-12-16 21:00:00,993.21,990.21387,2.9961328125000364
2024-12-16 22:00:00,997.72,1007.461,-9.740998535156223
2024-12-16 23:00:00,1027.61,1034.5885,-6.9785009765626
2024-12-17 00:00:00,1098.77,1079.5236,19.246440429687482
2024-12-17 01:00:00,1038.57,1040.0503,-1.4802929687500637
2024-12-17 02:00:00,1052.16,1037.3855,14.774501953125082
2024-12-17 03:00:00,952.36,941.4992,10.860793457031264
2024-12-17 04:00:00,841.78,863.9816,-22.201628417968777
2024-12-17 05:00:00,878.64,889.0487,-10.408706054687514
2024-12-17 06:00:00,871.03,870.13617,0.8938305664062227
2024-12-17 07:00:00,879.7,895.67633,-15.976330566406205
2024-12-17 08:00:00,918.99,911.73486,7.255136718750009
2024-12-17 09:00:00,976.15,984.41,-8.259973144531273
2024-12-17 10:00:00,996.51,996.18555,0.3244531249999909
2024-12-17 11:00:00,1066.81,1051.9427,14.867250976562445
2024-12-17 12:00:00,1069.75,1069.9374,-0.1873779296875
2024-12-17 13:00:00,1077.98,1059.7529,18.227070312500018
2024-12-17 14:00:00,1023.84,1020.4058,3.434177246093782
2024-12-17 15:00:00,980.57,980.0409,0.52910644531255
2024-12-17 16:00:00,896.51,909.8891,-13.379099121093759
2024-12-17 17:00:00,930.14,924.23645,5.903549804687486
2024-12-17 18:00:00,861.66,862.31226,-0.6522558593750318
2024-12-17 19:00:00,871.28,859.15063,12.129365234374973
2024-12-17 20:00:00,909.63,915.75116,-6.1211596679687545
2024-12-17 21:00:00,945.56,946.9262,-1.3662084960938046
2024-12-17 22:00:00,1045.63,1039.449,6.181025390625109
2024-12-17 23:00:00,1078.03,1098.0322,-20.002226562500027
2024-12-18 00:00:00,1030.21,1030.3329,-0.12288574218746362
2024-12-18 01:00:00,1053.19,1059.4996,-6.309633789062445
2024-12-18 02:00:00,984.09,963.42804,20.661960449218782
2024-12-18 03:00:00,994.28,977.80225,16.477753906249973
2024-12-18 04:00:00,901.43,914.01086,-12.58086425781255
2024-12-18 05:00:00,877.27,885.7365,-8.466511230468768
2024-12-18 06:00:00,890.72,879.08093,11.639067382812527
2024-12-18 07:00:00,898.86,916.3987,-17.538681640624986
2024-12-18 08:00:00,963.27,954.28326,8.986735839843732
2024-12-18 09:00:00,975.76,978.94806,-3.188059082031259
2024-12-18 10:00:00,989.38,991.88855,-2.5085498046875045
2024-12-18 11:00:00,1073.47,1073.2574,0.21255371093752728
2024-12-18 12:00:00,1056.52,1049.6652,6.854838867187482
2024-12-18 13:00:00,992.58,1012.40424,-19.82423583984371
2024-12-18 14:00:00,1028.53,1024.2246,4.305390624999973
2024-12-18 15:00:00,944.65,948.02484,-3.3748413085937727
2024-12-18 16:00:00,963.71,963.9821,-0.2721166992187136
2024-12-18 17:00:00,905.52,891.8836,13.636394042968732
2024-12-18 18:00:00,875.52,879.4918,-3.971821289062518
2024-12-18 19:00:00,908.04,925.6063,-17.566323242187536
2024-12-18 20:00:00,913.54,893.0998,20.440207519531214
2024-12-18 21:00:00,970.94,964.82794,6.112058105468805
2024-12-18 22:00:00,970.94,1020.7187,-49.778688964843695
2024-12-18 23:00:00,1108.39,1089.8726,18.5174414062501
2024-12-19 00:00:00,1024.75,1030.3354,-5.58544921875
2024-12-19 01:00:00,1032.7,1027.4767,5.2233154296875455
2024-12-19 02:00:00,1042.71,1037.0282,5.681801757812536
2024-12-19 03:00:00,964.61,944.2961,20.313918457031264
2024-12-19 04:00:00,924.72,915.19116,9.528837890625027
2024-12-19 05:00:00,854.17,859.84546,-5.675458984375041
2024-12-19 06:00:00,932.1,929.9312,2.1687866210937727
2024-12-19 07:00:00,862.18,880.7169,-18.53691894531255
2024-12-19 08:00:00,930.74,918.34766,12.392343750000009
2024-12-19 09:00:00,964.46,971.8378,-7.377829589843714
2024-12-19 10:00:00,1041.01,1061.6041,-20.59412597656251
2024-12-19 11:00:00,1011.91,1026.7017,-14.791660156250032
2024-12-19 12:00:00,1098.92,1100.2037,-1.2837353515624272
2024-12-19 13:00:00,1067.14,1062.7349,4.4051367187501
2024-12-19 14:00:00,1027.74,1016.84045,10.899545898437509
2024-12-19 15:00:00,932.63,944.39154,-11.761540527343755
2024-12-19 16:00:00,933.1,929.19946,3.9005371093750227
2024-12-19 17:00:00,882.68,885.8172,-3.1371997070313
2024-12-19 18:00:00,860.62,892.95074,-32.330744628906245
2024-12-19 19:00:00,877.66,870.03735,7.622646484374968
2024-12-19 20:00:00,932.34,930.0276,2.312412109375032
2024-12-19 21:00:00,952.64,960.0647,-7.424697265625014
2024-12-19 22:00:00,994.93,984.0669,10.86310546874995
2024-12-19 23:00:00,1066.18,1070.5054,-4.325371093749936
2024-12-20 00:00:00,1064.15,1065.6782,-1.528222656249909
2024-12-20 01:00:00,1078.74,1079.7994,-1.059438476562491
2024-12-20 02:00:00,1006.71,981.4699,25.240090332031286
2024-12-20 03:00:00,1007.19,1006.20685,0.9831518554688046
2024-12-20 04:00:00,969.79,975.02277,-5.232766113281286
2024-12-20 05:00:00,902.07,893.97455,8.0954516601563
2024-12-20 06:00:00,901.21,933.0648,-31.854819335937464
2024-12-20 07:00:00,894.74,897.6004,-2.860402832031241
2024-12-20 08:00:00,888.95,905.6598,-16.709790039062455
2024-12-20 09:00:00,952.18,972.76904,-20.58904296875005
2024-12-20 10:00:00,1044.39,1049.3541,-4.9641259765624
2024-12-20 11:00:00,1033.24,1030.9053,2.334726562500009
2024-12-20 12:00:00,1075.04,1050.7793,24.260703124999964
2024-12-20 13:00:00,1064.48,1068.2594,-3.779399414062482
2024-12-20 14:00:00,1005.77,1003.0956,2.674418945312482
2024-12-20 15:00:00,997.48,987.0617,10.418293457031268
2024-12-20 16:00:00,937.25,934.2073,3.042724609375
2024-12-20 17:00:00,912.84,910.79346,2.046542968750032
2024-12-20 18:00:00,870.11,870.0393,0.07069335937501364
2024-12-20 19:00:00,870.11,891.99835,-21.888352050781236
2024-12-20 20:00:00,907.77,911.2465,-3.476520996093768
2024-12-20 21:00:00,995.76,990.249,5.510976562499991
2024-12-20 22:00:00,1021.5,1017.0073,4.49267578125
2024-12-20 23:00:00,1053.73,1074.0782,-20.348247070312482
2024-12-21 00:00:00,872.52,882.4601,-9.940083007812518
2024-12-21 01:00:00,874.2,891.73865,-17.538647460937455
2024-12-21 02:00:00,847.87,846.9981,0.8718920898437545
2024-12-21 03:00:00,788.97,786.14197,2.8280322265625273
2024-12-21 04:00:00,734.11,750.44824,-16.338242187499986
2024-12-21 05:00:00,748.27,739.02155,9.248454589843732
2024-12-21 06:00:00,723.61,735.79846,-12.188461914062486
2024-12-21 07:00:00,771.26,752.54175,18.71825195312499
2024-12-21 08:00:00,813.57,804.69495,8.87505371093755
2024-12-21 09:00:00,822.97,792.87683,30.093168945312527
2024-12-21 10:00:00,846.29,851.82904,-5.539040527343786
2024-12-21 11:00:00,857.19,865.0039,-7.813906249999945
2024-12-21 12:00:00,901.31,904.02374,-2.7137426757813046
2024-12-21 13:00:00,933.17,906.5149,26.65510742187496
2024-12-21 14:00:00,893.08,876.5863,16.49369628906254
2024-12-21 15:00:00,852.47,848.66797,3.8020312500000273
2024-12-21 16:00:00,825.12,817.9752,7.1447802734375045
2024-12-21 17:00:00,787.0,798.7503,-11.75030517578125
2024-12-21 18:00:00,739.81,743.4455,-3.6354956054688046
2024-12-21 19:00:00,810.1,797.91394,12.186059570312523
2024-12-21 20:00:00,761.25,767.32263,-6.0726318359375
2024-12-21 21:00:00,767.27,774.5715,-7.301472167968768
2024-12-21 22:00:00,816.61,835.53174,-18.921738281249986
2024-12-21 23:00:00,872.43,858.596,13.8339916992187
2024-12-22 00:00:00,892.49,901.9749,-9.484914550781241
2024-12-22 01:00:00,940.15,933.49207,6.657934570312477
2024-12-22 02:00:00,845.58,848.51526,-2.935258789062459
2024-12-22 03:00:00,861.23,867.2493,-6.019328613281232
2024-12-22 04:00:00,781.23,795.0721,-13.842082519531232
2024-12-22 05:00:00,756.78,750.44714,6.332856445312473
2024-12-22 06:00:00,717.88,716.09656,1.7834423828124955
2024-12-22 07:00:00,737.88,768.258,-30.377995605468755
2024-12-22 08:00:00,794.62,809.8611,-15.241083984374995
2024-12-22 09:00:00,795.64,818.3991,-22.759108886718764
2024-12-22 10:00:00,893.09,891.231,1.8589819335937818
2024-12-22 11:00:00,885.86,881.7933,4.066726074218764
2024-12-22 12:00:00,883.43,871.04175,12.38825195312495
2024-12-22 13:00:00,934.71,928.24133,6.468666992187536
2024-12-22 14:00:00,865.64,863.71344,1.9265600585937364
2024-12-22 15:00:00,849.1,831.2351,17.864892578125023
2024-12-22 16:00:00,781.45,776.0991,5.3508789062500455
2024-12-22 17:00:00,793.35,796.6087,-3.2587036132812273
2024-12-22 18:00:00,746.95,772.72644,-25.776440429687455
2024-12-22 19:00:00,775.35,780.9235,-5.573522949218727
2024-12-22 20:00:00,749.09,751.11804,-2.028041992187468
2024-12-22 21:00:00,816.84,813.277,3.563022460937532
2024-12-22 22:00:00,869.89,873.7973,-3.9073022460937636
2024-12-22 23:00:00,859.97,884.6555,-24.685517578124973
2024-12-23 00:00:00,1066.17,1072.777,-6.606977539062427
2024-12-23 01:00:00,1033.98,1020.7422,13.237812500000018
2024-12-23 02:00:00,975.25,1000.27185,-25.0218505859375
2024-12-23 03:00:00,972.53,969.4777,3.0522778320312227
2024-12-23 04:00:00,910.64,936.61597,-25.975966796875014
2024-12-23 05:00:00,928.62,922.30994,6.3100634765625045
2024-12-23 06:00:00,861.49,866.93024,-5.440236816406241
2024-12-23 07:00:00,896.45,904.34186,-7.8918579101562045
2024-12-23 08:00:00,937.2,937.7682,-0.5681884765624545
2024-12-23 09:00:00,937.78,930.56116,7.218842773437473
2024-12-23 10:00:00,967.82,967.9569,-0.13690917968744998
2024-12-23 11:00:00,1085.13,1064.5797,20.55028808593761
2024-12-23 12:00:00,1077.83,1059.4873,18.342695312499927
2024-12-23 13:00:00,1030.02,1045.2657,-15.245747070312518
2024-12-23 14:00:00,948.03,964.61176,-16.581755371093777
2024-12-23 15:00:00,1015.77,987.0863,28.683696289062482
2024-12-23 16:00:00,904.7,911.7195,-7.0194824218749545
2024-12-23 17:00:00,907.99,900.00806,7.981943359375009
2024-12-23 18:00:00,917.86,916.60266,1.2573388671875136
2024-12-23 19:00:00,826.1,848.5502,-22.450170898437477
2024-12-23 20:00:00,906.02,916.42834,-10.408344726562518
2024-12-23 21:00:00,980.73,963.6678,17.062214355468768
2024-12-23 22:00:00,1023.26,1037.99,-14.729990234375009
2024-12-23 23:00:00,1011.12,1012.71936,-1.5993603515624955
2024-12-24 00:00:00,1104.65,1101.0396,3.610449218750091
2024-12-24 01:00:00,1044.32,1049.7488,-5.428779296875064
2024-12-24 02:00:00,1049.35,1023.3331,26.01687011718741
2024-12-24 03:00:00,964.66,950.04785,14.612148437499968
2024-12-24 04:00:00,898.15,894.73474,3.4152587890624773
2024-12-24 05:00:00,888.56,907.5193,-18.959287109375055
2024-12-24 06:00:00,888.56,868.2244,20.335573730468695
2024-12-24 07:00:00,892.44,888.13696,4.303037109375055
2024-12-24 08:00:00,913.51,906.3909,7.119069824218741
2024-12-24 09:00:00,965.35,962.91895,2.4310546875000227
2024-12-24 10:00:00,1076.48,1080.7603,-4.280253906249982
2024-12-24 11:00:00,1060.75,1064.32,-3.5699462890625
2024-12-24 12:00:00,1046.57,1079.1584,-32.588447265625064
2024-12-24 13:00:00,1058.21,1074.3552,-16.145224609374964
2024-12-24 14:00:00,955.77,976.0858,-20.315815429687518
2024-12-24 15:00:00,1045.93,1018.1356,27.794379882812564
2024-12-24 16:00:00,852.71,851.0068,1.7032250976562864
2024-12-24 17:00:00,842.92,853.7814,-10.861372070312541
2024-12-24 18:00:00,832.9,864.1852,-31.285180664062523
2024-12-24 19:00:00,893.59,914.8425,-21.252529296874968
2024-12-24 20:00:00,947.71,933.50824,14.201760253906286
2024-12-24 21:00:00,998.25,974.18805,24.06195068359375
2024-12-24 22:00:00,969.05,987.86633,-18.816333007812545
2024-12-24 23:00:00,1023.58,1027.2817,-3.701738281249959
2024-12-25 00:00:00,1022.1,1030.2389,-8.138891601562477
2024-12-25 01:00:00,1047.88,1050.3739,-2.493901367187391
2024-12-25 02:00:00,1043.81,1041.7678,2.0421777343749454
2024-12-25 03:00:00,1010.23,1006.5015,3.728474121093768
2024-12-25 04:00:00,945.32,927.74603,17.5739672851563
2024-12-25 05:00:00,876.85,886.663,-9.813024902343727
2024-12-25 06:00:00,874.59,896.92883,-22.338833007812468
2024-12-25 07:00:00,915.01,915.8154,-0.8054296875000091
2024-12-25 08:00:00,938.39,937.33527,1.0547338867187364
2024-12-25 09:00:00,973.91,967.3564,6.553615722656218
2024-12-25 10:00:00,1010.26,1010.45483,-0.1948339843750091
2024-12-25 11:00:00,1085.37,1073.9286,11.44141113281239
2024-12-25 12:00:00,1076.61,1080.7513,-4.1413427734376
2024-12-25 13:00:00,1030.81,1042.5461,-11.736142578125055
2024-12-25 14:00:00,993.79,968.7234,25.066611328124964
2024-12-25 15:00:00,989.49,972.3206,17.16938232421876
2024-12-25 16:00:00,972.5,964.4748,8.02520751953125
2024-12-25 17:00:00,920.73,912.63666,8.093342285156268
2024-12-25 18:00:00,854.08,847.96704,6.112958984375041
2024-12-25 19:00:00,855.98,853.51337,2.466633300781268
2024-12-25 20:00:00,953.16,955.4228,-2.262790527343782
2024-12-25 21:00:00,926.05,932.0285,-5.9785034179687955
2024-12-25 22:00:00,1022.27,1020.0327,2.237285156249982
2024-12-25 23:00:00,1048.02,1040.3933,7.626689453124982
2024-12-26 00:00:00,1100.87,1099.9042,0.9658251953123909
2024-12-26 01:00:00,1010.5,1030.4257,-19.9256591796875
2024-12-26 02:00:00,1077.98,1049.5123,28.467670898437518
2024-12-26 03:00:00,980.34,973.0287,7.311313476562532
2024-12-26 04:00:00,921.65,927.3306,-5.680627441406273
2024-12-26 05:00:00,845.25,857.96155,-12.7115478515625
2024-12-26 06:00:00,832.3,827.5231,4.7769287109374545
2024-12-26 07:00:00,893.28,887.1569,6.123078613281223
2024-12-26 08:00:00,884.22,912.5489,-28.328889160156223
2024-12-26 09:00:00,943.6,942.3188,1.2812133789062727
2024-12-26 10:00:00,999.64,971.2836,28.356369628906236
2024-12-26 11:00:00,1058.07,1049.809,8.261040039062436
2024-12-26 12:00:00,1069.34,1056.208,13.131992187499918
2024-12-26 13:00:00,1039.4,1030.8131,8.586889648437591
2024-12-26 14:00:00,1044.19,1029.5271,14.662900390625055
2024-12-26 15:00:00,934.07,936.7559,-2.6859204101562
2024-12-26 16:00:00,930.91,925.01874,5.891262207031218
2024-12-26 17:00:00,925.95,937.0893,-11.139294433593705
2024-12-26 18:00:00,854.54,861.4324,-6.892373046875036
2024-12-26 19:00:00,897.4,895.53625,1.8637451171874773
2024-12-26 20:00:00,989.89,981.5749,8.315109863281236
2024-12-26 21:00:00,932.8,932.37646,0.4235351562499545
2024-12-26 22:00:00,1025.44,1035.065,-9.624941406249945
2024-12-26 23:00:00,1082.32,1089.6182,-7.298164062500064
2024-12-27 00:00:00,1048.72,1060.1405,-11.420502929687473
2024-12-27 01:00:00,1062.91,1053.157,9.753017578125082
2024-12-27 02:00:00,985.57,991.4559,-5.8858715820312
2024-12-27 03:00:00,972.44,970.07697,2.3630346679688046
2024-12-27 04:00:00,943.55,948.0279,-4.4778930664062955
2024-12-27 05:00:00,906.0,920.6657,-14.66571044921875
2024-12-27 06:00:00,934.08,919.3836,14.696394042968791
2024-12-27 07:00:00,946.53,945.13043,1.3995678710937227
2024-12-27 08:00:00,930.66,940.88074,-10.220737304687532
2024-12-27 09:00:00,991.42,1000.0775,-8.657514648437541
2024-12-27 10:00:00,991.0,997.5566,-6.55657958984375
2024-12-27 11:00:00,1067.97,1066.6117,1.3583056640625273
2024-12-27 12:00:00,1079.04,1070.4497,8.590292968749964
2024-12-27 13:00:00,1064.43,1045.4446,18.985419921875064
2024-12-27 14:00:00,1008.07,1018.955,-10.8850170898437
2024-12-27 15:00:00,916.67,921.28436,-4.614362792968791
2024-12-27 16:00:00,902.07,902.25555,-0.18555419921869998
2024-12-27 17:00:00,880.16,882.6916,-2.531589355468782
2024-12-27 18:00:00,842.04,842.3599,-0.3199243164062864
2024-12-27 19:00:00,887.9,894.02484,-6.124841308593773
2024-12-27 20:00:00,933.58,955.47797,-21.89796630859371
2024-12-27 21:00:00,975.36,987.42487,-12.064865722656236
2024-12-27 22:00:00,998.07,989.92755,8.1424487304688
2024-12-27 23:00:00,1074.93,1082.0101,-7.080131835937436
2024-12-28 00:00:00,930.32,933.7164,-3.3963696289062
2024-12-28 01:00:00,904.43,881.72284,22.7071606445312
2024-12-28 02:00:00,867.32,867.58606,-0.26605957031245
2024-12-28 03:00:00,818.23,830.6219,-12.391887207031232
2024-12-28 04:00:00,780.94,813.87195,-32.931948242187445
2024-12-28 05:00:00,752.32,745.70886,6.61113769531255
2024-12-28 06:00:00,760.16,750.4078,9.752224121093718
2024-12-28 07:00:00,766.34,793.71173,-27.371730957031218
2024-12-28 08:00:00,814.24,825.6486,-11.408620605468741
2024-12-28 09:00:00,773.51,767.3169,6.193105468749991
2024-12-28 10:00:00,850.03,851.368,-1.3379809570312773
2024-12-28 11:00:00,847.91,853.5509,-5.640903320312532
2024-12-28 12:00:00,909.42,915.9696,-6.549604492187541
2024-12-28 13:00:00,867.75,853.39575,14.354248046875
2024-12-28 14:00:00,797.23,807.2583,-10.028300781249982
2024-12-28 15:00:00,837.84,827.5274,10.312595214843782
2024-12-28 16:00:00,826.87,834.3036,-7.4335888671874955
2024-12-28 17:00:00,768.84,769.5979,-0.7579003906249682
2024-12-28 18:00:00,755.01,747.9678,7.042226562499991
2024-12-28 19:00:00,750.83,764.5821,-13.752092285156209
2024-12-28 20:00:00,798.26,799.486,-1.226022949218759
2024-12-28 21:00:00,818.01,813.43256,4.577443847656241
2024-12-28 22:00:00,836.01,843.2382,-7.228220214843759
2024-12-28 23:00:00,859.4,867.2107,-7.810693359375023
2024-12-29 00:00:00,837.58,844.2202,-6.640214843749959
2024-12-29 01:00:00,853.08,861.5133,-8.433305664062459
2024-12-29 02:00:00,888.06,888.3343,-0.27428955078130457
2024-12-29 03:00:00,870.71,866.31635,4.393654785156286
2024-12-29 04:00:00,787.3,782.5216,4.7783935546874545
2024-12-29 05:00:00,763.88,758.48755,5.3924511718749955
2024-12-29 06:00:00,790.82,770.2953,20.52471191406255
2024-12-29 07:00:00,749.17,731.3941,17.77589599609371
2024-12-29 08:00:00,777.58,790.1906,-12.610612792968709
2024-12-29 09:00:00,807.76,813.9626,-6.202585449218759
2024-12-29 10:00:00,845.03,858.4358,-13.405791015625027
2024-12-29 11:00:00,857.58,878.10425,-20.52424804687496
2024-12-29 12:00:00,884.14,898.45886,-14.318862304687514
2024-12-29 13:00:00,848.39,863.09296,-14.702956542968764
2024-12-29 14:00:00,951.73,922.6108,29.119221191406268
2024-12-29 15:00:00,847.59,851.2227,-3.632717285156218
2024-12-29 16:00:00,777.9,790.4634,-12.563378906250023
2024-12-29 17:00:00,745.37,750.10156,-4.7315624999999955
2024-12-29 18:00:00,731.71,724.4011,7.308876953125036
2024-12-29 19:00:00,750.67,740.81104,9.858964843749959
2024-12-29 20:00:00,786.7,798.9675,-12.267529296874955
2024-12-29 21:00:00,760.15,766.743,-6.592980957031273
2024-12-29 22:00:00,818.22,805.2249,12.995085449218777
2024-12-29 23:00:00,871.43,866.78815,4.6418530273437
2024-12-30 00:00:00,1064.0,1059.8889,4.111083984375
2024-12-30 01:00:00,1040.05,1047.2289,-7.1788818359375455
2024-12-30 02:00:00,1045.74,1051.8676,-6.127553710937491
2024-12-30 03:00:00,940.01,939.06946,0.9405419921874909
2024-12-30 04:00:00,898.2,916.8084,-18.608410644531205
2024-12-30 05:00:00,936.02,930.4006,5.619426269531232
2024-12-30 06:00:00,890.93,905.2141,-14.28411132812505
2024-12-30 07:00:00,933.04,921.58417,11.455832519531214
2024-12-30 08:00:00,964.78,967.6169,-2.8368823242187773
2024-12-30 09:00:00,963.42,966.5397,-3.119672851562541
2024-12-30 10:00:00,991.61,1011.51917,-19.909165039062486
2024-12-30 11:00:00,1037.09,1038.135,-1.0450097656250819
2024-12-30 12:00:00,1016.02,1012.81903,3.200969238281232
2024-12-30 13:00:00,1049.77,1049.4889,0.2811083984374818
2024-12-30 14:00:00,1046.74,1039.6478,7.092172851562509
2024-12-30 15:00:00,990.8,996.6019,-5.8019287109375455
2024-12-30 16:00:00,964.19,949.3891,14.800900878906305
2024-12-30 17:00:00,868.47,890.5269,-22.056916503906223
2024-12-30 18:00:00,855.49,852.58246,2.907541503906259
2024-12-30 19:00:00,907.48,921.7437,-14.263713378906232
2024-12-30 20:00:00,902.2,913.97424,-11.774243164062455
2024-12-30 21:00:00,973.5,981.68713,-8.1871337890625
2024-12-30 22:00:00,1008.43,1023.005,-14.57500488281255
2024-12-30 23:00:00,1077.34,1085.2178,-7.877773437500082
